order_id,order_date,customer_id,product,region,quantity,unit_price,discount,revenue
O100000,2025-01-01,C10022,Keyboard,Birmingham,4,81.3383135161853,0.0,325.3532540647412
O100001,2025-01-01,C10193,Headset,Leeds,3,84.56242018019745,0.15,215.63417145950348
O100002,2025-01-01,C10163,Webcam,London,2,50.75442776409471,0.0,101.50885552818941
O100003,2025-01-01,C10109,Headset,Leeds,4,77.27787433346361,0.05,293.6559224671617
O100004,2025-01-02,C10108,Webcam,Bristol,4,72.39246028602749,0.1,260.61285702969894
O100005,2025-01-02,C10214,Headset,London,4,87.11096443689726,0.0,348.44385774758905
O100006,2025-01-02,C10021,Webcam,Manchester,3,61.09623198502141,0.0,183.28869595506424
O100007,2025-01-03,C10174,Laptop,Leeds,5,1074.8421823011538,0.0,5374.210911505769
O100008,2025-01-03,C10050,Headset,Leeds,2,99.10915160751594,0.1,178.3964728935287
O100009,2025-01-03,C10023,Keyboard,Leeds,5,75.14669233151872,0.0,375.7334616575936
O100010,2025-01-04,C10131,Mouse,Birmingham,2,34.178471345020874,0.05,64.93909555553965
O100011,2025-01-04,C10243,Mouse,Leeds,2,34.63011660412325,0.1,62.334209887421856
O100012,2025-01-04,C10183,Webcam,Leeds,3,66.18124655161482,0.1,178.68936568936002
O100013,2025-01-04,C10190,Webcam,London,3,73.32024586286197,0.0,219.9607375885859
O100014,2025-01-05,C10179,Keyboard,Leeds,4,77.53480454542337,0.0,310.1392181816935
O100015,2025-01-05,C10196,Headset,Birmingham,2,95.22740903788181,0.05,180.93207717197544
O100016,2025-01-05,C10128,Headset,London,5,98.41874478530524,0.0,492.0937239265262
O100017,2025-01-06,C10032,Keyboard,Birmingham,2,67.98194399385348,0.1,122.36749918893626
O100018,2025-01-06,C10209,Monitor,Birmingham,3,296.90890639141855,0.0,890.7267191742557
O100019,2025-01-06,C10112,Laptop,London,5,927.6127746457175,0.0,4638.063873228588
O100020,2025-01-07,C10125,Headset,Bristol,3,71.88411459043608,0.1,194.08710939417745
O100021,2025-01-07,C10092,Mouse,Manchester,4,29.041125282439726,0.0,116.1645011297589
O100022,2025-01-07,C10045,Webcam,Manchester,5,59.705788420102834,0.0,298.5289421005142
O100023,2025-01-07,C10231,Keyboard,Birmingham,5,78.18733937155548,0.0,390.9366968577774
O100024,2025-01-08,C10195,Webcam,Bristol,3,65.59175773976955,0.0,196.77527321930864
O100025,2025-01-08,C10160,Keyboard,Leeds,3,76.10620024305399,0.1,205.4867406562458
O100026,2025-01-08,C10100,Headset,Leeds,1,104.04679307534418,0.0,104.04679307534418
O100027,2025-01-09,C10205,Laptop,Manchester,3,853.5491892706542,0.0,2560.6475678119627
O100028,2025-01-09,C10136,Mouse,Bristol,5,34.923186608285576,0.0,174.61593304142787
O100029,2025-01-09,C10110,Headset,Bristol,3,92.19193576425947,0.15,235.08943619886162
O100030,2025-01-10,C10112,Webcam,Birmingham,2,61.17137979400066,0.0,122.34275958800131
O100031,2025-01-10,C10056,Webcam,Birmingham,1,65.14729907443129,0.15,55.37520421326659
O100032,2025-01-10,C10023,Laptop,London,2,828.4038506095898,0.1,1491.1269310972616
O100033,2025-01-11,C10138,Keyboard,Leeds,2,83.45943730365016,0.0,166.91887460730032
O100034,2025-01-11,C10221,Laptop,Bristol,5,898.197294007687,0.1,4041.8878230345917
O100035,2025-01-11,C10015,Laptop,Birmingham,3,1104.3864125231662,0.05,3147.5012756910237
O100036,2025-01-11,C10214,Mouse,Birmingham,1,34.909071893031125,0.0,34.909071893031125
O100037,2025-01-12,C10206,Headset,Birmingham,1,97.40198567087413,0.0,97.40198567087413
O100038,2025-01-12,C10069,Headset,London,5,89.61621934326368,0.1,403.27298704468654
O100039,2025-01-12,C10157,Webcam,Leeds,5,64.84013207224524,0.1,291.7805943251036
O100040,2025-01-13,C10041,Headset,Leeds,4,85.79498880080155,0.1,308.8619596828856
O100041,2025-01-13,C10189,Headset,Bristol,1,90.85769229143719,0.15,77.2290384477216
O100042,2025-01-13,C10175,Laptop,Bristol,1,974.1679007754677,0.0,974.1679007754677
O100043,2025-01-14,C10088,Monitor,Birmingham,1,262.43260940029995,0.1,236.18934846026997
O100044,2025-01-14,C10016,Mouse,Bristol,4,34.64987563559232,0.1,124.73955228813237
O100045,2025-01-14,C10242,Webcam,Birmingham,4,61.827485896503006,0.0,247.30994358601203
O100046,2025-01-14,C10111,Laptop,Leeds,5,1124.7744692907277,0.0,5623.872346453638
O100047,2025-01-15,C10223,Mouse,Leeds,1,34.74875384424747,0.0,34.74875384424747
O100048,2025-01-15,C10169,Mouse,Bristol,1,39.32665002475037,0.1,35.39398502227534
O100049,2025-01-15,C10194,Laptop,Leeds,5,935.1327028586157,0.0,4675.663514293079
O100050,2025-01-16,C10189,Keyboard,London,5,76.55572584920945,0.05,363.6396977837449
O100051,2025-01-16,C10048,Webcam,London,4,58.1289068274446,0.0,232.5156273097784
O100052,2025-01-16,C10090,Mouse,Birmingham,1,33.74819674276998,0.0,33.74819674276998
O100053,2025-01-17,C10116,Monitor,Birmingham,1,284.71597662567916,0.05,270.4801777943952
O100054,2025-01-17,C10124,Webcam,Leeds,1,73.24721992099131,0.0,73.24721992099131
O100055,2025-01-17,C10010,Keyboard,Birmingham,4,76.33189666605763,0.1,274.7948279978075
O100056,2025-01-18,C10136,Webcam,Birmingham,5,72.1953458782036,0.0,360.976729391018
O100057,2025-01-18,C10038,Keyboard,Bristol,4,78.84437466121751,0.1,283.83974878038305
O100058,2025-01-18,C10185,Mouse,Manchester,2,39.55672375050112,0.0,79.11344750100224
O100059,2025-01-18,C10170,Keyboard,Birmingham,4,74.64574669616967,0.15,253.79553876697685
O100060,2025-01-19,C10230,Monitor,Birmingham,1,333.54098871860043,0.05,316.8639392826704
O100061,2025-01-19,C10186,Webcam,Birmingham,5,62.475939744846556,0.0,312.37969872423275
O100062,2025-01-19,C10091,Monitor,Bristol,5,262.8312549139722,0.0,1314.1562745698611
O100063,2025-01-20,C10241,Laptop,Bristol,4,858.0359834236334,0.0,3432.1439336945336
O100064,2025-01-20,C10102,Keyboard,Birmingham,5,88.98614802934843,0.05,422.68420313940504
O100065,2025-01-20,C10081,Headset,Birmingham,3,95.90002252284887,0.1,258.930060811692
O100066,2025-01-21,C10226,Headset,Birmingham,3,87.59433071966178,0.0,262.78299215898534
O100067,2025-01-21,C10092,Webcam,London,2,71.49491802374217,0.0,142.98983604748435
O100068,2025-01-21,C10019,Keyboard,Birmingham,5,79.1261531107067,0.05,375.8492272758568
O100069,2025-01-21,C10117,Keyboard,Manchester,4,86.79676482825354,0.0,347.1870593130142
O100070,2025-01-22,C10198,Monitor,London,1,245.32854454662598,0.05,233.06211731929466
O100071,2025-01-22,C10047,Mouse,London,5,34.256991696720085,0.0,171.28495848360043
O100072,2025-01-22,C10115,Webcam,Birmingham,1,62.59488880349731,0.05,59.465144363322445
O100073,2025-01-23,C10032,Headset,London,3,75.78948472985807,0.15,193.26318606113807
O100074,2025-01-23,C10171,Mouse,Leeds,1,37.96891617338314,0.0,37.96891617338314
O100075,2025-01-23,C10118,Keyboard,Birmingham,4,73.37762066517985,0.0,293.5104826607194
O100076,2025-01-24,C10082,Webcam,Manchester,3,68.84608226593012,0.0,206.53824679779035
O100077,2025-01-24,C10056,Mouse,Leeds,3,41.60736141612291,0.05,118.58098003595029
O100078,2025-01-24,C10141,Monitor,Birmingham,4,272.0873413030616,0.0,1088.3493652122463
O100079,2025-01-24,C10167,Keyboard,Leeds,4,72.47308210405707,0.1,260.90309557460546
O100080,2025-01-25,C10235,Laptop,Leeds,2,959.0184768990237,0.05,1822.1351061081448
O100081,2025-01-25,C10109,Monitor,London,5,302.11434070682833,0.0,1510.5717035341418
O100082,2025-01-25,C10040,Laptop,Manchester,3,906.9298100764286,0.1,2448.7104872063574
O100083,2025-01-26,C10208,Keyboard,Birmingham,1,71.21423041720722,0.0,71.21423041720722
O100084,2025-01-26,C10157,Mouse,Bristol,1,37.96012995667582,0.1,34.16411696100824
O100085,2025-01-26,C10175,Keyboard,London,2,77.27183594302821,0.0,154.54367188605642
O100086,2025-01-27,C10024,Keyboard,London,4,62.731630421971076,0.05,238.38019560349008
O100087,2025-01-27,C10078,Webcam,Bristol,3,58.627962642760636,0.1,158.29549913545372
O100088,2025-01-27,C10191,Headset,Bristol,2,100.80889821955591,0.1,181.45601679520064
O100089,2025-01-28,C10208,Mouse,London,3,36.12539919262068,0.1,97.53857782007583
O100090,2025-01-28,C10108,Keyboard,Birmingham,5,70.4268244137765,0.0,352.1341220688825
O100091,2025-01-28,C10201,Webcam,Leeds,3,64.11386978237809,0.1,173.10744841242084
O100092,2025-01-28,C10210,Monitor,London,1,280.2965014707574,0.05,266.2816763972195
O100093,2025-01-29,C10096,Keyboard,Manchester,1,79.41440016168099,0.05,75.44368015359693
O100094,2025-01-29,C10224,Webcam,Manchester,3,57.93703034673429,0.0,173.81109104020288
O100095,2025-01-29,C10072,Mouse,Leeds,3,32.645342411722716,0.0,97.93602723516815
O100096,2025-01-30,C10059,Headset,Manchester,5,91.9652814350164,0.05,436.8350868163278
O100097,2025-01-30,C10170,Mouse,Birmingham,3,34.72046317461274,0.0,104.16138952383821
O100098,2025-01-30,C10159,Mouse,Manchester,4,36.60120571138279,0.05,139.0845817032546
O100099,2025-01-31,C10034,Keyboard,Leeds,3,67.62295561584241,0.1,182.58198016277453
O100100,2025-01-31,C10208,Monitor,London,2,287.99968234847756,0.1,518.3994282272596
O100101,2025-01-31,C10049,Keyboard,Manchester,4,81.54950171626484,0.0,326.19800686505937
O100102,2025-01-31,C10201,Monitor,Manchester,4,290.90473545614395,0.1,1047.2570476421183
O100103,2025-02-01,C10001,Webcam,Bristol,4,65.72338104676027,0.0,262.89352418704107
O100104,2025-02-01,C10199,Keyboard,Bristol,1,74.42469838460417,0.0,74.42469838460417
O100105,2025-02-01,C10196,Mouse,Birmingham,4,32.662416772239794,0.1,117.58470038006327
O100106,2025-02-02,C10195,Headset,London,2,89.48161013443352,0.0,178.96322026886705
O100107,2025-02-02,C10166,Headset,Leeds,4,99.06988214073891,0.0,396.27952856295565
O100108,2025-02-02,C10117,Keyboard,Birmingham,4,74.28582896039926,0.0,297.14331584159703
O100109,2025-02-03,C10176,Keyboard,Bristol,4,69.66117606390954,0.0,278.64470425563815
O100110,2025-02-03,C10069,Webcam,Manchester,5,62.44031513841999,0.1,280.98141812289
O100111,2025-02-03,C10195,Mouse,Bristol,3,35.56238083237261,0.0,106.68714249711783
O100112,2025-02-04,C10138,Headset,Bristol,1,87.3106992202979,0.0,87.3106992202979
O100113,2025-02-04,C10114,Webcam,Manchester,4,67.52357707192833,0.05,256.58959287332766
O100114,2025-02-04,C10126,Headset,Leeds,4,93.76447507739303,0.0,375.0579003095721
O100115,2025-02-04,C10142,Monitor,Manchester,1,299.91322324106414,0.05,284.9175620790109
O100116,2025-02-05,C10009,Mouse,Manchester,1,38.98596652234209,0.1,35.08736987010788
O100117,2025-02-05,C10034,Laptop,Manchester,2,1025.6852630522994,0.1,1846.233473494139
O100118,2025-02-05,C10061,Mouse,Leeds,5,32.38413062038571,0.1,145.72858779173572
O100119,2025-02-06,C10028,Webcam,Manchester,3,60.30162087780339,0.0,180.90486263341018
O100120,2025-02-06,C10109,Mouse,Leeds,5,34.787839865912495,0.1,156.54527939660625
O100121,2025-02-06,C10167,Keyboard,Birmingham,5,72.29294785656352,0.0,361.46473928281756
O100122,2025-02-07,C10163,Laptop,Leeds,3,863.4871687509684,0.0,2590.461506252905
O100123,2025-02-07,C10117,Webcam,Bristol,4,62.703202670300435,0.05,238.27217014714165
O100124,2025-02-07,C10213,Laptop,London,2,913.937017044953,0.0,1827.874034089906
O100125,2025-02-07,C10141,Laptop,Bristol,1,898.9395717781484,0.1,809.0456146003336
O100126,2025-02-08,C10019,Monitor,London,2,272.92631551012784,0.05,518.5599994692428
O100127,2025-02-08,C10191,Laptop,Birmingham,3,1039.5622646241932,0.15,2650.8837747916923
O100128,2025-02-08,C10143,Keyboard,Manchester,1,76.19542824749543,0.0,76.19542824749543
O100129,2025-02-09,C10158,Mouse,Leeds,2,41.921065412955315,0.0,83.84213082591063
O100130,2025-02-09,C10141,Keyboard,Leeds,1,76.0230491161179,0.05,72.221896660312
O100131,2025-02-09,C10138,Laptop,Bristol,4,927.9550011807688,0.0,3711.8200047230753
O100132,2025-02-10,C10022,Laptop,Birmingham,5,950.3140990817699,0.0,4751.57049540885
O100133,2025-02-10,C10139,Keyboard,Bristol,5,76.53895187066124,0.05,363.5600213856408
O100134,2025-02-10,C10198,Laptop,Manchester,2,983.0793007450009,0.15,1671.2348112665015
O100135,2025-02-10,C10075,Mouse,Manchester,3,40.81479171240527,0.05,116.32215638035501
O100136,2025-02-11,C10150,Monitor,Manchester,5,261.06482158450245,0.0,1305.3241079225122
O100137,2025-02-11,C10007,Keyboard,Birmingham,3,80.15427634906642,0.0,240.46282904719925
O100138,2025-02-11,C10086,Keyboard,Leeds,2,76.24650358568474,0.05,144.86835681280098
O100139,2025-02-12,C10109,Keyboard,Bristol,2,65.5734135445763,0.0,131.1468270891526
O100140,2025-02-12,C10245,Laptop,Manchester,4,1008.5731074392021,0.0,4034.2924297568084
O100141,2025-02-12,C10053,Laptop,Manchester,3,1046.3393906210968,0.0,3139.0181718632903
O100142,2025-02-13,C10069,Webcam,Bristol,5,60.54268270035737,0.0,302.7134135017868
O100143,2025-02-13,C10102,Laptop,Birmingham,5,949.3210260402102,0.0,4746.605130201051
O100144,2025-02-13,C10248,Mouse,Manchester,1,30.16900806637843,0.0,30.16900806637843
O100145,2025-02-14,C10213,Mouse,Bristol,4,31.47534191288386,0.05,119.60629926895867
O100146,2025-02-14,C10008,Keyboard,Birmingham,2,81.28817746570351,0.0,162.57635493140702
O100147,2025-02-14,C10058,Keyboard,Bristol,3,72.2015009639554,0.05,205.77427774727286
O100148,2025-02-14,C10205,Headset,Bristol,2,82.01661858044612,0.0,164.03323716089224
O100149,2025-02-15,C10014,Webcam,Bristol,2,66.19319389518384,0.1,119.14774901133092
O100150,2025-02-15,C10213,Monitor,Birmingham,2,268.2979615359451,0.0,536.5959230718902
O100151,2025-02-15,C10070,Keyboard,Leeds,1,72.17507005334679,0.0,72.17507005334679
O100152,2025-02-16,C10229,Monitor,Bristol,4,296.5609029751178,0.0,1186.2436119004713
O100153,2025-02-16,C10073,Keyboard,Manchester,1,68.02959984639392,0.0,68.02959984639392
O100154,2025-02-16,C10108,Mouse,London,2,32.46497740449087,0.0,64.92995480898173
O100155,2025-02-17,C10165,Monitor,Manchester,1,283.4513918241347,0.1,255.10625264172123
O100156,2025-02-17,C10031,Keyboard,Leeds,1,80.81645874448922,0.1,72.7348128700403
O100157,2025-02-17,C10139,Webcam,Birmingham,2,71.43843356774721,0.0,142.87686713549442
O100158,2025-02-17,C10126,Laptop,London,5,899.4553092525166,0.0,4497.276546262583
O100159,2025-02-18,C10195,Keyboard,Birmingham,5,80.62426180151789,0.05,382.96524355720993
O100160,2025-02-18,C10249,Headset,London,2,84.35417548701305,0.05,160.2729334253248
O100161,2025-02-18,C10166,Monitor,Birmingham,3,320.9070893707123,0.0,962.7212681121368
O100162,2025-02-19,C10102,Laptop,Birmingham,5,863.8334020681006,0.1,3887.250309306453
O100163,2025-02-19,C10101,Monitor,Leeds,2,309.75792536173475,0.0,619.5158507234695
O100164,2025-02-19,C10104,Webcam,Birmingham,5,61.586272244542634,0.05,292.5347931615775
O100165,2025-02-20,C10203,Laptop,Birmingham,1,1103.0067305643897,0.0,1103.0067305643897
O100166,2025-02-20,C10080,Monitor,Leeds,2,293.24558432629567,0.0,586.4911686525913
O100167,2025-02-20,C10041,Laptop,Leeds,2,872.7827437649752,0.0,1745.5654875299504
O100168,2025-02-21,C10083,Laptop,Bristol,1,910.3098755547695,0.1,819.2788879992926
O100169,2025-02-21,C10005,Mouse,Manchester,5,37.18730737462648,0.0,185.93653687313238
O100170,2025-02-21,C10026,Monitor,Birmingham,5,303.57923495458857,0.1,1366.1065572956486
O100171,2025-02-21,C10022,Mouse,Manchester,2,34.8019963431715,0.1,62.64359341770871
O100172,2025-02-22,C10192,Mouse,Birmingham,5,35.12504318669771,0.05,166.84395513681412
O100173,2025-02-22,C10180,Webcam,London,4,68.94343576974914,0.0,275.7737430789966
O100174,2025-02-22,C10174,Laptop,Birmingham,5,960.0166804528224,0.0,4800.083402264112
O100175,2025-02-23,C10115,Webcam,London,5,58.27377473144044,0.0,291.3688736572022
O100176,2025-02-23,C10179,Mouse,Birmingham,3,32.72367273100749,0.05,93.26246728337134
O100177,2025-02-23,C10040,Monitor,Bristol,1,285.2666867265973,0.1,256.7400180539376
O100178,2025-02-24,C10225,Headset,Bristol,5,98.75147339878339,0.0,493.75736699391695
O100179,2025-02-24,C10125,Webcam,Birmingham,4,73.40310860564266,0.1,264.2511909803136
O100180,2025-02-24,C10234,Monitor,London,5,297.4614590252805,0.0,1487.3072951264023
O100181,2025-02-24,C10038,Webcam,Manchester,5,66.49391195738909,0.0,332.4695597869454
O100182,2025-02-25,C10124,Keyboard,London,1,79.49288331589486,0.0,79.49288331589486
O100183,2025-02-25,C10174,Mouse,Leeds,3,33.1330976194208,0.05,94.42932821534929
O100184,2025-02-25,C10123,Webcam,Bristol,1,64.20319900665729,0.0,64.20319900665729
O100185,2025-02-26,C10111,Keyboard,Birmingham,1,70.05521567196314,0.0,70.05521567196314
O100186,2025-02-26,C10041,Headset,London,5,81.00905320290447,0.1,364.5407394130701
O100187,2025-02-26,C10095,Keyboard,London,5,77.00129406981723,0.0,385.00647034908616
O100188,2025-02-27,C10059,Headset,Bristol,5,91.33569580741016,0.0,456.6784790370508
O100189,2025-02-27,C10075,Mouse,Manchester,5,36.92542695662524,0.0,184.6271347831262
O100190,2025-02-27,C10170,Monitor,London,4,292.23290501199085,0.0,1168.9316200479634
O100191,2025-02-27,C10157,Keyboard,London,3,76.45586562794317,0.0,229.3675968838295
O100192,2025-02-28,C10151,Keyboard,Manchester,5,78.33969999406533,0.0,391.6984999703266
O100193,2025-02-28,C10090,Laptop,Leeds,3,946.7560846867118,0.05,2698.2548413571285
O100194,2025-02-28,C10239,Laptop,Bristol,4,981.3797460369025,0.0,3925.51898414761
O100195,2025-03-01,C10021,Keyboard,Manchester,2,70.64313358388183,0.05,134.2219538093755
O100196,2025-03-01,C10085,Laptop,Leeds,4,978.0976503485739,0.0,3912.3906013942956
O100197,2025-03-01,C10029,Monitor,London,5,294.9725561504066,0.0,1474.862780752033
O100198,2025-03-02,C10084,Headset,London,4,85.17829371788014,0.0,340.71317487152055
O100199,2025-03-02,C10240,Headset,London,3,90.37319111274849,0.0,271.11957333824546
O100200,2025-03-02,C10091,Headset,Bristol,1,85.51006193066861,0.0,85.51006193066861
O100201,2025-03-03,C10227,Keyboard,Birmingham,1,71.84095982090331,0.0,71.84095982090331
O100202,2025-03-03,C10123,Webcam,Bristol,4,59.1503673534688,0.1,212.94132247248768
O100203,2025-03-03,C10174,Mouse,London,4,38.544169790466356,0.1,138.7590112456789
O100204,2025-03-03,C10114,Monitor,London,4,303.8713479137291,0.0,1215.4853916549164
O100205,2025-03-04,C10066,Monitor,Bristol,5,292.03851833469236,0.05,1387.1829620897886
O100206,2025-03-04,C10191,Mouse,London,3,40.52214866544268,0.05,115.48812369651164
O100207,2025-03-04,C10242,Monitor,London,5,275.760896396868,0.1,1240.9240337859062
O100208,2025-03-05,C10065,Mouse,Birmingham,4,43.488934762309775,0.0,173.9557390492391
O100209,2025-03-05,C10194,Webcam,Leeds,2,63.816847040111256,0.0,127.63369408022251
O100210,2025-03-05,C10065,Laptop,Manchester,5,969.3946947334573,0.0,4846.973473667286
O100211,2025-03-06,C10179,Laptop,Birmingham,1,919.7688785405442,0.0,919.7688785405442
O100212,2025-03-06,C10197,Webcam,Leeds,3,66.93609291231358,0.0,200.80827873694074
O100213,2025-03-06,C10112,Mouse,Birmingham,5,37.339721798081484,0.1,168.02874809136668
O100214,2025-03-06,C10184,Monitor,Manchester,4,277.44827279561093,0.1,998.8137820641994
O100215,2025-03-07,C10068,Webcam,London,5,74.23894320501162,0.0,371.19471602505814
O100216,2025-03-07,C10019,Webcam,Birmingham,1,66.24357628009399,0.0,66.24357628009399
O100217,2025-03-07,C10024,Mouse,Bristol,3,35.75735908110856,0.0,107.27207724332568
O100218,2025-03-08,C10111,Mouse,Leeds,4,32.45480645536159,0.0,129.81922582144637
O100219,2025-03-08,C10225,Monitor,Bristol,4,289.3743792699286,0.05,1099.6226412257288
O100220,2025-03-08,C10031,Laptop,London,5,939.8139312184882,0.0,4699.069656092441
O100221,2025-03-09,C10113,Mouse,London,3,33.296928757855596,0.1,89.90170764621011
O100222,2025-03-09,C10176,Keyboard,Birmingham,4,70.34115355110981,0.15,239.15992207377334
O100223,2025-03-09,C10050,Mouse,London,3,42.480937463318725,0.05,121.07067177045836
O100224,2025-03-10,C10180,Webcam,Birmingham,5,63.62991829906902,0.05,302.2421119205778
O100225,2025-03-10,C10076,Laptop,Bristol,1,839.2691080206237,0.0,839.2691080206237
O100226,2025-03-10,C10202,Mouse,Manchester,2,33.04497991274879,0.0,66.08995982549759
O100227,2025-03-10,C10144,Monitor,Birmingham,1,278.84488039573284,0.0,278.84488039573284
O100228,2025-03-11,C10136,Webcam,Leeds,4,67.84266856960572,0.05,257.8021405645017
O100229,2025-03-11,C10044,Monitor,London,2,292.42744208664703,0.0,584.8548841732941
O100230,2025-03-11,C10115,Mouse,Bristol,2,36.89452074497427,0.1,66.4101373409537
O100231,2025-03-12,C10214,Mouse,Manchester,5,33.19439114141548,0.0,165.9719557070774
O100232,2025-03-12,C10004,Keyboard,Bristol,2,77.04264266100928,0.0,154.08528532201856
O100233,2025-03-12,C10189,Mouse,Leeds,1,32.54703350049038,0.0,32.54703350049038
O100234,2025-03-13,C10123,Headset,London,1,85.53857052229912,0.15,72.70778494395425
O100235,2025-03-13,C10179,Mouse,Leeds,2,32.43041487139927,0.0,64.86082974279854
O100236,2025-03-13,C10165,Headset,London,5,81.44360024689246,0.0,407.2180012344623
O100237,2025-03-13,C10108,Webcam,Birmingham,3,70.53388934206164,0.0,211.60166802618494
O100238,2025-03-14,C10077,Keyboard,Bristol,5,79.13167020587333,0.05,375.8754334778983
O100239,2025-03-14,C10156,Mouse,Bristol,2,37.734663035938766,0.15,64.1489271610959
O100240,2025-03-14,C10035,Laptop,Bristol,2,952.9877930178466,0.0,1905.9755860356931
O100241,2025-03-15,C10146,Headset,Birmingham,1,95.59301543182906,0.1,86.03371388864616
O100242,2025-03-15,C10023,Mouse,Birmingham,2,30.068389667000872,0.0,60.136779334001744
O100243,2025-03-15,C10162,Keyboard,Manchester,3,80.17852510827213,0.05,228.50879655857554
O100244,2025-03-16,C10157,Laptop,Bristol,5,963.4611070803822,0.0,4817.305535401912
O100245,2025-03-16,C10021,Webcam,Birmingham,2,68.26096992077565,0.0,136.5219398415513
O100246,2025-03-16,C10189,Keyboard,Leeds,4,77.28013979429167,0.05,293.66453121830835
O100247,2025-03-16,C10103,Mouse,Manchester,4,32.23624556729672,0.0,128.94498226918688
O100248,2025-03-17,C10196,Monitor,Leeds,2,246.44390903124054,0.0,492.8878180624811
O100249,2025-03-17,C10010,Webcam,Manchester,5,61.297318335848594,0.1,275.8379325113187
O100250,2025-03-17,C10044,Monitor,Leeds,3,292.6541471005132,0.15,746.2680751063087
O100251,2025-03-18,C10123,Monitor,London,1,295.45804769992884,0.0,295.45804769992884
O100252,2025-03-18,C10047,Webcam,London,5,57.886700157614314,0.05,274.961825748668
O100253,2025-03-18,C10082,Webcam,Manchester,5,59.898283289165285,0.1,269.54227480124376
O100254,2025-03-19,C10165,Monitor,Birmingham,1,263.7995206349252,0.0,263.7995206349252
O100255,2025-03-19,C10036,Keyboard,Leeds,5,72.85616963839911,0.1,327.852763372796
O100256,2025-03-19,C10169,Headset,Manchester,5,80.1932340178609,0.0,400.9661700893045
O100257,2025-03-20,C10025,Webcam,London,5,57.60533081607131,0.1,259.2239886723209
O100258,2025-03-20,C10043,Keyboard,Manchester,2,70.06898822155468,0.0,140.13797644310935
O100259,2025-03-20,C10146,Mouse,Birmingham,4,35.24151074143002,0.0,140.96604296572008
O100260,2025-03-20,C10198,Headset,Birmingham,3,81.49972075377487,0.0,244.4991622613246
O100261,2025-03-21,C10042,Headset,Leeds,4,89.16621472820329,0.0,356.66485891281314
O100262,2025-03-21,C10074,Headset,Manchester,4,97.62158027622108,0.1,351.4376889943959
O100263,2025-03-21,C10231,Mouse,Leeds,4,31.355016735242174,0.15,106.60705689982339
O100264,2025-03-22,C10247,Laptop,Leeds,3,934.310122360799,0.0,2802.930367082397
O100265,2025-03-22,C10145,Webcam,Leeds,4,70.32873501550402,0.0,281.3149400620161
O100266,2025-03-22,C10111,Webcam,Birmingham,3,62.825004370108196,0.0,188.4750131103246
O100267,2025-03-23,C10086,Headset,Bristol,1,85.86957822581938,0.0,85.86957822581938
O100268,2025-03-23,C10153,Laptop,Manchester,1,1038.4256818872918,0.0,1038.4256818872918
O100269,2025-03-23,C10147,Monitor,Leeds,5,273.14107343103734,0.1,1229.1348304396681
O100270,2025-03-23,C10073,Headset,London,5,97.95236418148009,0.1,440.7856388166604
O100271,2025-03-24,C10005,Laptop,London,3,982.601369725667,0.0,2947.804109177001
O100272,2025-03-24,C10037,Webcam,Bristol,1,63.21720780486885,0.0,63.21720780486885
O100273,2025-03-24,C10239,Keyboard,Birmingham,4,77.87814318358518,0.05,295.93694409762367
O100274,2025-03-25,C10104,Headset,Leeds,1,92.30723649969147,0.0,92.30723649969147
O100275,2025-03-25,C10120,Webcam,Leeds,2,70.30859066921288,0.0,140.61718133842575
O100276,2025-03-25,C10116,Keyboard,Leeds,2,71.7099267728099,0.0,143.4198535456198
O100277,2025-03-26,C10195,Keyboard,Manchester,1,75.24723640068972,0.0,75.24723640068972
O100278,2025-03-26,C10016,Mouse,London,5,34.82775609710701,0.0,174.13878048553505
O100279,2025-03-26,C10020,Mouse,London,3,36.971614796591396,0.1,99.82335995079677
O100280,2025-03-27,C10068,Keyboard,Bristol,2,68.84892483333495,0.0,137.6978496666699
O100281,2025-03-27,C10121,Mouse,Manchester,3,37.847535735065996,0.05,107.86547684493807
O100282,2025-03-27,C10167,Webcam,Birmingham,1,67.42490961528617,0.0,67.42490961528617
O100283,2025-03-27,C10122,Keyboard,Birmingham,3,67.09844955820232,0.1,181.16581380714626
O100284,2025-03-28,C10110,Monitor,London,3,307.0650872907632,0.0,921.1952618722896
O100285,2025-03-28,C10234,Keyboard,Birmingham,2,88.40455848478638,0.0,176.80911696957276
O100286,2025-03-28,C10040,Keyboard,London,5,81.01100381729644,0.0,405.0550190864822
O100287,2025-03-29,C10142,Monitor,London,2,311.9644587858729,0.0,623.9289175717458
O100288,2025-03-29,C10135,Monitor,London,1,281.912318947898,0.0,281.912318947898
O100289,2025-03-29,C10118,Mouse,Bristol,3,30.34778622473217,0.1,81.93902280677686
O100290,2025-03-30,C10201,Keyboard,Birmingham,5,63.935277292994854,0.0,319.67638646497426
O100291,2025-03-30,C10066,Webcam,Bristol,2,66.32642662811234,0.0,132.6528532562247
O100292,2025-03-30,C10238,Monitor,Birmingham,1,266.73967470684846,0.0,266.73967470684846
O100293,2025-03-30,C10082,Laptop,Manchester,5,880.4922028471212,0.1,3962.2149128120454
O100294,2025-03-31,C10136,Headset,Leeds,3,89.54822387542553,0.1,241.78020446364894
O100295,2025-03-31,C10130,Webcam,Bristol,1,68.20104349687871,0.05,64.79099132203477
O100296,2025-03-31,C10212,Monitor,Birmingham,4,247.4582309525279,0.05,940.341277619606
O100297,2025-04-01,C10109,Monitor,London,2,269.9451413057194,0.05,512.8957684808669
O100298,2025-04-01,C10071,Monitor,Manchester,5,313.82110330189505,0.05,1490.6502406840016
O100299,2025-04-01,C10005,Mouse,Bristol,2,31.989192535380152,0.0,63.978385070760304
O100300,2025-04-02,C10090,Keyboard,Birmingham,3,80.21856712298973,0.05,228.6229163005207
O100301,2025-04-02,C10206,Monitor,Bristol,3,269.14203094130255,0.1,726.6834835415169
O100302,2025-04-02,C10002,Laptop,Birmingham,2,991.4803257485963,0.0,1982.9606514971927
O100303,2025-04-02,C10224,Mouse,London,3,38.07251702016803,0.05,108.50667350747888
O100304,2025-04-03,C10135,Webcam,Bristol,1,68.85466518832212,0.0,68.85466518832212
O100305,2025-04-03,C10035,Mouse,Leeds,4,37.54564688619885,0.0,150.1825875447954
O100306,2025-04-03,C10075,Mouse,Leeds,4,31.775538106457724,0.0,127.1021524258309
O100307,2025-04-04,C10138,Laptop,Bristol,5,1034.6381377123387,0.05,4914.531154133609
O100308,2025-04-04,C10078,Monitor,London,2,260.89967423218,0.1,469.61941361792407
O100309,2025-04-04,C10027,Keyboard,Bristol,2,76.55725059342923,0.0,153.11450118685846
O100310,2025-04-05,C10166,Headset,Manchester,3,91.85937254638003,0.0,275.5781176391401
O100311,2025-04-05,C10168,Webcam,Bristol,4,67.52263730612182,0.0,270.0905492244873
O100312,2025-04-05,C10029,Webcam,London,5,66.752174715513,0.0,333.76087357756495
O100313,2025-04-06,C10070,Webcam,Birmingham,1,60.612188111671436,0.15,51.520359894920716
O100314,2025-04-06,C10060,Webcam,Leeds,2,57.98068945606228,0.0,115.96137891212456
O100315,2025-04-06,C10164,Webcam,London,2,69.53621313580119,0.0,139.07242627160238
O100316,2025-04-06,C10182,Laptop,London,2,964.1234278914375,0.0,1928.246855782875
O100317,2025-04-07,C10181,Monitor,Bristol,3,305.7460412374551,0.15,779.6524051555105
O100318,2025-04-07,C10234,Keyboard,London,5,74.7316023948728,0.0,373.65801197436394
O100319,2025-04-07,C10192,Mouse,Leeds,1,31.06553979010451,0.05,29.51226280059928
O100320,2025-04-08,C10080,Laptop,Bristol,5,1023.4258557563122,0.0,5117.129278781561
O100321,2025-04-08,C10026,Webcam,Leeds,4,63.074072829762244,0.0,252.29629131904898
O100322,2025-04-08,C10153,Mouse,Birmingham,4,35.957609680778866,0.05,136.6389167869597
O100323,2025-04-09,C10229,Mouse,Birmingham,4,33.18711360025735,0.0,132.7484544010294
O100324,2025-04-09,C10243,Monitor,Leeds,1,316.8323583092347,0.05,300.9907403937729
O100325,2025-04-09,C10057,Monitor,Birmingham,4,260.3649479382964,0.0,1041.4597917531855
O100326,2025-04-09,C10059,Monitor,Birmingham,2,272.4415735080217,0.05,517.6389896652412
O100327,2025-04-10,C10009,Webcam,London,3,65.55873325402604,0.1,177.0085797858703
O100328,2025-04-10,C10035,Mouse,Leeds,4,31.941889484156516,0.05,121.37918003979475
O100329,2025-04-10,C10138,Headset,Leeds,4,92.37974060583068,0.0,369.5189624233227
O100330,2025-04-11,C10136,Keyboard,Leeds,2,84.67146286480494,0.05,160.87577944312937
O100331,2025-04-11,C10092,Keyboard,London,2,72.05722703583774,0.15,122.49728596092416
O100332,2025-04-11,C10077,Keyboard,Leeds,3,77.37085691419034,0.0,232.11257074257102
O100333,2025-04-12,C10207,Headset,Leeds,1,70.2040652205224,0.0,70.2040652205224
O100334,2025-04-12,C10115,Headset,London,4,89.71970975650915,0.1,322.9909551234329
O100335,2025-04-12,C10202,Monitor,Bristol,1,272.987852795253,0.0,272.987852795253
O100336,2025-04-13,C10240,Webcam,Birmingham,3,60.74381246746599,0.05,173.11986553227806
O100337,2025-04-13,C10079,Monitor,Birmingham,4,304.2244905196791,0.1,1095.2081658708448
O100338,2025-04-13,C10050,Webcam,Leeds,1,63.30353285555609,0.0,63.30353285555609
O100339,2025-04-13,C10238,Laptop,Birmingham,5,936.5117109808874,0.05,4448.430627159215
O100340,2025-04-14,C10158,Monitor,Birmingham,2,271.5508796047248,0.05,515.946671248977
O100341,2025-04-14,C10072,Webcam,Manchester,1,55.0325574668216,0.0,55.0325574668216
O100342,2025-04-14,C10155,Monitor,Bristol,4,254.64350374227607,0.1,916.7166134721939
O100343,2025-04-15,C10128,Keyboard,Bristol,3,80.76656091672129,0.0,242.29968275016387
O100344,2025-04-15,C10226,Keyboard,London,4,62.340296118720175,0.0,249.3611844748807
O100345,2025-04-15,C10063,Monitor,Leeds,4,262.8345361686082,0.1,946.2043302069897
O100346,2025-04-16,C10247,Headset,London,3,87.1220155947137,0.0,261.3660467841411
O100347,2025-04-16,C10234,Webcam,Manchester,5,74.06683370991614,0.1,333.30075169462265
O100348,2025-04-16,C10045,Webcam,Bristol,2,68.99673958058112,0.0,137.99347916116224
O100349,2025-04-16,C10041,Keyboard,London,3,71.6569768376814,0.0,214.9709305130442
O100350,2025-04-17,C10133,Mouse,Manchester,1,38.65263835192354,0.0,38.65263835192354
O100351,2025-04-17,C10011,Monitor,Manchester,4,263.4124456207749,0.05,1000.9672933589446
O100352,2025-04-17,C10074,Monitor,Leeds,2,302.60383560364176,0.1,544.6869040865552
O100353,2025-04-18,C10108,Monitor,Birmingham,4,249.56114969132446,0.1,898.4201388887681
O100354,2025-04-18,C10242,Webcam,Birmingham,5,70.58094072530362,0.15,299.96899808254034
O100355,2025-04-18,C10248,Webcam,Bristol,5,62.88810504355088,0.05,298.71849895686665
O100356,2025-04-19,C10037,Headset,Birmingham,5,82.59476946522287,0.1,371.6764625935029
O100357,2025-04-19,C10222,Mouse,Leeds,1,34.391997883386324,0.0,34.391997883386324
O100358,2025-04-19,C10022,Mouse,London,1,35.7765637032166,0.1,32.19890733289494
O100359,2025-04-19,C10187,Mouse,Manchester,5,33.614704394528005,0.05,159.66984587400802
O100360,2025-04-20,C10211,Mouse,Bristol,2,36.55106981678691,0.1,65.79192567021643
O100361,2025-04-20,C10222,Keyboard,Bristol,1,71.50203669801559,0.0,71.50203669801559
O100362,2025-04-20,C10055,Monitor,Leeds,2,293.8963416240624,0.0,587.7926832481248
O100363,2025-04-21,C10223,Monitor,Manchester,5,289.9057741896198,0.05,1377.0524274006941
O100364,2025-04-21,C10028,Webcam,London,2,64.68320011551873,0.0,129.36640023103746
O100365,2025-04-21,C10129,Mouse,Bristol,1,33.76412952537534,0.0,33.76412952537534
O100366,2025-04-22,C10117,Webcam,Leeds,4,65.78801213797938,0.15,223.67924126912988
O100367,2025-04-22,C10078,Monitor,Manchester,1,292.32568384395483,0.0,292.32568384395483
O100368,2025-04-22,C10005,Mouse,Birmingham,2,40.773037627648506,0.0,81.54607525529701
O100369,2025-04-23,C10193,Monitor,Leeds,1,301.0430174482793,0.0,301.0430174482793
O100370,2025-04-23,C10083,Monitor,Birmingham,4,301.86217487587487,0.0,1207.4486995034995
O100371,2025-04-23,C10165,Laptop,Bristol,3,1184.7269268093814,0.05,3376.471741406737
O100372,2025-04-23,C10102,Laptop,London,5,989.2128442343562,0.1,4451.457799054603
O100373,2025-04-24,C10093,Webcam,Manchester,2,67.52014625882086,0.15,114.78424863999545
O100374,2025-04-24,C10221,Keyboard,London,2,79.22409044592992,0.05,150.52577184726684
O100375,2025-04-24,C10023,Mouse,Leeds,1,32.17489526275289,0.05,30.566150499615244
O100376,2025-04-25,C10184,Keyboard,Leeds,2,72.33659018148747,0.0,144.67318036297493
O100377,2025-04-25,C10186,Keyboard,Bristol,3,71.962984399846,0.1,194.3000578795842
O100378,2025-04-25,C10094,Mouse,Birmingham,1,36.81331913621477,0.0,36.81331913621477
O100379,2025-04-26,C10065,Monitor,London,3,276.09848980624514,0.0,828.2954694187354
O100380,2025-04-26,C10001,Webcam,Birmingham,5,65.71876181246637,0.15,279.30473770298204
O100381,2025-04-26,C10234,Headset,London,4,97.82967326506895,0.1,352.1868237542482
O100382,2025-04-26,C10236,Headset,Leeds,4,96.2146853186698,0.0,384.8587412746792
O100383,2025-04-27,C10060,Keyboard,Leeds,5,74.02967398175252,0.05,351.64095141332444
O100384,2025-04-27,C10007,Monitor,Bristol,4,264.9921098299278,0.0,1059.9684393197113
O100385,2025-04-27,C10030,Webcam,Manchester,4,70.90342860459658,0.0,283.61371441838634
O100386,2025-04-28,C10016,Keyboard,Manchester,5,79.6433470854592,0.0,398.216735427296
O100387,2025-04-28,C10207,Laptop,London,1,827.924481809551,0.0,827.924481809551
O100388,2025-04-28,C10222,Keyboard,Birmingham,5,73.12107636655031,0.0,365.60538183275156
O100389,2025-04-29,C10038,Headset,Birmingham,2,91.19171132652069,0.0,182.38342265304138
O100390,2025-04-29,C10186,Mouse,Leeds,4,37.18072320793889,0.0,148.72289283175556
O100391,2025-04-29,C10044,Headset,Leeds,5,96.55273076356636,0.0,482.7636538178318
O100392,2025-04-30,C10091,Headset,London,3,92.04412320846342,0.1,248.51913266285123
O100393,2025-04-30,C10149,Monitor,Manchester,1,293.10954470243837,0.05,278.45406746731646
O100394,2025-04-30,C10179,Webcam,Birmingham,2,65.3335113723664,0.1,117.60032047025953
O100395,2025-04-30,C10218,Keyboard,Manchester,3,70.95688987091664,0.0,212.8706696127499
O100396,2025-05-01,C10011,Mouse,London,5,34.26845970508449,0.05,162.77518359915132
O100397,2025-05-01,C10049,Laptop,Bristol,5,951.4433301846482,0.1,4281.494985830917
O100398,2025-05-01,C10070,Webcam,Leeds,3,64.81966789990332,0.0,194.45900369970997
O100399,2025-05-02,C10077,Keyboard,Birmingham,5,63.686562573339174,0.0,318.4328128666959
O100400,2025-05-02,C10249,Laptop,Manchester,3,919.7912665453632,0.0,2759.3737996360896
O100401,2025-05-02,C10194,Keyboard,Bristol,3,75.33723391853492,0.0,226.01170175560475
O100402,2025-05-03,C10080,Monitor,London,5,273.69731218131227,0.0,1368.4865609065614
O100403,2025-05-03,C10242,Monitor,Birmingham,4,274.4711469805405,0.0,1097.884587922162
O100404,2025-05-03,C10124,Mouse,Bristol,3,36.36637583825285,0.0,109.09912751475855
O100405,2025-05-03,C10125,Keyboard,Bristol,3,68.5262568777082,0.05,195.29983210146838
O100406,2025-05-04,C10108,Webcam,Manchester,4,56.5341804874537,0.0,226.1367219498148
O100407,2025-05-04,C10035,Keyboard,Leeds,4,72.91098125497994,0.0,291.6439250199198
O100408,2025-05-04,C10233,Headset,London,3,95.50162371961288,0.05,272.1796276008967
O100409,2025-05-05,C10003,Keyboard,London,1,85.12531823691984,0.0,85.12531823691984
O100410,2025-05-05,C10043,Mouse,Manchester,1,37.189959069465274,0.0,37.189959069465274
O100411,2025-05-05,C10057,Mouse,Bristol,1,30.88886147236723,0.0,30.88886147236723
O100412,2025-05-06,C10069,Keyboard,Leeds,3,73.60579656373937,0.0,220.81738969121812
O100413,2025-05-06,C10032,Webcam,Birmingham,4,66.33449878162396,0.0,265.33799512649585
O100414,2025-05-06,C10004,Keyboard,Manchester,5,76.06554670154155,0.0,380.32773350770776
O100415,2025-05-06,C10169,Monitor,London,2,292.0804219859204,0.0,584.1608439718408
O100416,2025-05-07,C10242,Mouse,Manchester,4,32.43226294990987,0.15,110.26969402969355
O100417,2025-05-07,C10030,Webcam,London,4,65.33770405526386,0.1,235.2157345989499
O100418,2025-05-07,C10074,Laptop,London,1,981.9445350629858,0.0,981.9445350629858
O100419,2025-05-08,C10126,Keyboard,Leeds,2,79.95402571982196,0.0,159.9080514396439
O100420,2025-05-08,C10231,Webcam,London,2,60.810265533613475,0.0,121.62053106722695
O100421,2025-05-08,C10173,Headset,London,5,87.51487055585113,0.1,393.8169175013301
O100422,2025-05-09,C10191,Webcam,Birmingham,5,50.94014806361863,0.1,229.23066628628385
O100423,2025-05-09,C10145,Mouse,Manchester,5,33.25990649078223,0.0,166.29953245391113
O100424,2025-05-09,C10104,Mouse,Birmingham,3,33.531638299681084,0.0,100.59491489904326
O100425,2025-05-10,C10049,Keyboard,London,3,68.88249295099534,0.0,206.647478852986
O100426,2025-05-10,C10216,Webcam,Manchester,2,65.8611831812098,0.1,118.55012972617763
O100427,2025-05-10,C10201,Keyboard,Birmingham,4,74.6643274077284,0.1,268.79157866782225
O100428,2025-05-10,C10006,Headset,Leeds,1,73.73366008144119,0.0,73.73366008144119
O100429,2025-05-11,C10178,Keyboard,Birmingham,2,76.29304781581054,0.05,144.95679085004002
O100430,2025-05-11,C10021,Mouse,Birmingham,1,32.400692433790724,0.0,32.400692433790724
O100431,2025-05-11,C10184,Headset,Birmingham,3,93.4969605061717,0.05,266.46633744258935
O100432,2025-05-12,C10206,Mouse,Manchester,2,31.410816506359737,0.1,56.53946971144753
O100433,2025-05-12,C10032,Webcam,Manchester,1,65.15603400036089,0.0,65.15603400036089
O100434,2025-05-12,C10108,Keyboard,Birmingham,2,73.30102002668096,0.0,146.60204005336192
O100435,2025-05-13,C10030,Mouse,London,5,35.84868527786092,0.05,170.28125506983937
O100436,2025-05-13,C10141,Keyboard,Leeds,3,75.74818366590809,0.0,227.24455099772428
O100437,2025-05-13,C10231,Keyboard,Leeds,5,73.46901494987127,0.1,330.6105672744207
O100438,2025-05-13,C10020,Keyboard,Manchester,5,65.78236611573453,0.0,328.91183057867266
O100439,2025-05-14,C10099,Monitor,Manchester,5,246.9105416184729,0.1,1111.097437283128
O100440,2025-05-14,C10243,Laptop,Manchester,2,905.6245926289913,0.0,1811.2491852579826
O100441,2025-05-14,C10075,Mouse,Leeds,5,34.97681632499716,0.0,174.8840816249858
O100442,2025-05-15,C10033,Mouse,Leeds,5,33.29690574784247,0.0,166.48452873921235
O100443,2025-05-15,C10122,Mouse,London,5,36.75059340562251,0.0,183.75296702811255
O100444,2025-05-15,C10127,Laptop,Birmingham,2,928.779210139912,0.0,1857.558420279824
O100445,2025-05-16,C10165,Keyboard,London,2,69.20992365132294,0.05,131.49885493751358
O100446,2025-05-16,C10078,Monitor,Birmingham,3,273.77064303707084,0.0,821.3119291112125
O100447,2025-05-16,C10238,Headset,Manchester,5,91.62619082147918,0.0,458.13095410739595
O100448,2025-05-17,C10130,Webcam,Manchester,5,66.68940053788783,0.0,333.44700268943916
O100449,2025-05-17,C10071,Monitor,Birmingham,3,322.0756925566461,0.0,966.2270776699384
O100450,2025-05-17,C10240,Mouse,Manchester,1,33.127053847990425,0.1,29.814348463191383
O100451,2025-05-17,C10231,Monitor,Manchester,3,278.354077980375,0.1,751.5560105470125
O100452,2025-05-18,C10124,Monitor,Leeds,4,289.54517640875514,0.0,1158.1807056350206
O100453,2025-05-18,C10006,Monitor,Bristol,3,279.4753257139017,0.1,754.5833794275346
O100454,2025-05-18,C10149,Keyboard,London,2,71.99629112406808,0.05,136.79295313572933
O100455,2025-05-19,C10138,Mouse,Manchester,2,30.66207990623612,0.15,52.1255358406014
O100456,2025-05-19,C10037,Webcam,Bristol,1,62.34366029292432,0.0,62.34366029292432
O100457,2025-05-19,C10158,Monitor,Birmingham,2,255.94906595512126,0.0,511.8981319102425
O100458,2025-05-20,C10210,Mouse,Manchester,4,30.16550129285342,0.0,120.66200517141368
O100459,2025-05-20,C10026,Headset,Birmingham,2,84.27111233997178,0.1,151.6880022119492
O100460,2025-05-20,C10180,Webcam,London,5,59.55512305201444,0.05,282.88683449706855
O100461,2025-05-20,C10035,Mouse,London,1,36.63460232682025,0.0,36.63460232682025
O100462,2025-05-21,C10187,Monitor,Leeds,3,293.46445715808017,0.0,880.3933714742404
O100463,2025-05-21,C10104,Mouse,Birmingham,3,32.46913798917355,0.05,92.5370432691446
O100464,2025-05-21,C10001,Keyboard,Leeds,5,73.43862821662127,0.1,330.4738269747957
O100465,2025-05-22,C10241,Webcam,Manchester,5,55.33713815701481,0.0,276.6856907850741
O100466,2025-05-22,C10041,Keyboard,Bristol,3,72.03396029890384,0.05,205.29678685187594
O100467,2025-05-22,C10149,Mouse,Birmingham,4,36.117149321966565,0.0,144.46859728786626
O100468,2025-05-23,C10045,Laptop,Leeds,4,1012.6952796106718,0.0,4050.7811184426873
O100469,2025-05-23,C10233,Keyboard,London,3,70.72171750985211,0.0,212.16515252955634
O100470,2025-05-23,C10184,Webcam,London,1,70.4696452747431,0.1,63.42268074726879
O100471,2025-05-23,C10201,Mouse,Leeds,3,30.75606261976228,0.15,78.42795968039381
O100472,2025-05-24,C10108,Keyboard,Bristol,2,67.51423320513724,0.0,135.0284664102745
O100473,2025-05-24,C10116,Webcam,Bristol,3,68.69024170131695,0.0,206.07072510395085
O100474,2025-05-24,C10158,Webcam,Manchester,4,73.68983038852888,0.0,294.7593215541155
O100475,2025-05-25,C10196,Keyboard,London,2,77.96059192910218,0.0,155.92118385820436
O100476,2025-05-25,C10211,Mouse,Bristol,2,34.887041317704764,0.0,69.77408263540953
O100477,2025-05-25,C10004,Mouse,Leeds,5,28.853485509737816,0.0,144.26742754868908
O100478,2025-05-26,C10165,Mouse,Manchester,2,29.337148243078257,0.0,58.674296486156514
O100479,2025-05-26,C10027,Keyboard,Leeds,1,75.77645722137521,0.0,75.77645722137521
O100480,2025-05-26,C10071,Monitor,Bristol,4,271.9793962016057,0.0,1087.9175848064228
O100481,2025-05-27,C10207,Webcam,Manchester,4,59.249657052808985,0.1,213.29876539011235
O100482,2025-05-27,C10062,Webcam,Leeds,5,65.34076942031626,0.0,326.70384710158135
O100483,2025-05-27,C10199,Webcam,Leeds,4,65.59868311104061,0.05,249.27499582195432
O100484,2025-05-27,C10115,Webcam,Birmingham,5,69.91096251640941,0.1,314.59933132384236
O100485,2025-05-28,C10058,Headset,Leeds,3,90.98353643769146,0.05,259.30307884742064
O100486,2025-05-28,C10083,Headset,Manchester,2,98.84443945200756,0.0,197.68887890401513
O100487,2025-05-28,C10132,Headset,Bristol,5,90.05755701275146,0.0,450.28778506375727
O100488,2025-05-29,C10191,Mouse,Bristol,2,34.67706201453946,0.05,65.88641782762497
O100489,2025-05-29,C10151,Keyboard,Bristol,2,81.38587311748309,0.0,162.77174623496617
O100490,2025-05-29,C10233,Monitor,Leeds,5,258.0829242870719,0.0,1290.4146214353593
O100491,2025-05-30,C10216,Mouse,London,5,42.88045286914525,0.0,214.40226434572625
O100492,2025-05-30,C10188,Keyboard,Manchester,2,77.25154486900041,0.0,154.50308973800082
O100493,2025-05-30,C10150,Monitor,Birmingham,4,288.53057526356383,0.0,1154.1223010542553
O100494,2025-05-30,C10072,Mouse,Bristol,5,36.470268727123276,0.05,173.23377645383556
O100495,2025-05-31,C10103,Keyboard,Birmingham,4,86.26281885198985,0.0,345.0512754079594
O100496,2025-05-31,C10029,Monitor,Birmingham,1,297.7521660214664,0.0,297.7521660214664
O100497,2025-05-31,C10093,Headset,London,4,78.44359695117176,0.1,282.3969490242183
O100498,2025-06-01,C10231,Webcam,Leeds,1,72.29804600079103,0.0,72.29804600079103
O100499,2025-06-01,C10106,Monitor,Manchester,5,272.3639166204316,0.05,1293.72860394705
O100500,2025-06-01,C10028,Laptop,London,1,958.1437855357887,0.0,958.1437855357887
O100501,2025-06-02,C10162,Keyboard,Bristol,5,67.3244761669484,0.0,336.622380834742
O100502,2025-06-02,C10240,Headset,London,1,93.78865453049204,0.1,84.40978907744284
O100503,2025-06-02,C10216,Webcam,London,3,61.61285369164873,0.0,184.8385610749462
O100504,2025-06-03,C10068,Monitor,London,2,282.2437998910538,0.0,564.4875997821076
O100505,2025-06-03,C10113,Headset,Birmingham,5,87.95448716140237,0.1,395.7951922263107
O100506,2025-06-03,C10132,Laptop,London,2,1096.3009729319247,0.05,2082.9718485706567
O100507,2025-06-03,C10061,Keyboard,Bristol,4,86.89356180087353,0.05,330.19553484331936
O100508,2025-06-04,C10067,Webcam,Birmingham,1,65.24186848511665,0.0,65.24186848511665
O100509,2025-06-04,C10059,Monitor,Manchester,3,281.43310073466233,0.0,844.299302203987
O100510,2025-06-04,C10248,Monitor,London,5,271.6348775537709,0.05,1290.2656683804116
O100511,2025-06-05,C10186,Keyboard,Birmingham,5,81.63603774901672,0.0,408.1801887450836
O100512,2025-06-05,C10210,Mouse,London,2,34.079024363066544,0.0,68.15804872613309
O100513,2025-06-05,C10204,Webcam,Bristol,2,62.80904617184236,0.1,113.05628310931625
O100514,2025-06-06,C10239,Webcam,Manchester,3,70.08868289105781,0.0,210.26604867317343
O100515,2025-06-06,C10026,Laptop,Birmingham,3,909.0892687559347,0.0,2727.267806267804
O100516,2025-06-06,C10220,Monitor,London,3,279.1542872283529,0.0,837.4628616850588
O100517,2025-06-06,C10016,Headset,London,1,78.61456237312085,0.0,78.61456237312085
O100518,2025-06-07,C10118,Monitor,Manchester,4,295.773863730759,0.05,1123.9406821768841
O100519,2025-06-07,C10148,Webcam,London,2,75.09250808374571,0.1,135.16651455074228
O100520,2025-06-07,C10089,Mouse,Leeds,2,37.01943104383942,0.0,74.03886208767884
O100521,2025-06-08,C10036,Laptop,Bristol,5,1061.0967367335952,0.0,5305.483683667976
O100522,2025-06-08,C10048,Webcam,Bristol,4,60.60026889187788,0.0,242.40107556751153
O100523,2025-06-08,C10206,Monitor,Manchester,2,285.2936639174317,0.0,570.5873278348633
O100524,2025-06-09,C10079,Keyboard,Leeds,5,69.34104045378366,0.0,346.7052022689183
O100525,2025-06-09,C10077,Mouse,Birmingham,2,34.36225647237224,0.1,61.85206165027003
O100526,2025-06-09,C10230,Mouse,London,3,37.16219213658702,0.0,111.48657640976106
O100527,2025-06-09,C10035,Mouse,London,2,35.285097716689236,0.0,70.57019543337847
O100528,2025-06-10,C10228,Mouse,Birmingham,1,31.04460513671658,0.15,26.387914366209092
O100529,2025-06-10,C10230,Webcam,Birmingham,3,58.161848651203684,0.0,174.48554595361105
O100530,2025-06-10,C10149,Webcam,London,3,57.81794755624797,0.1,156.1084584018695
O100531,2025-06-11,C10041,Mouse,Bristol,5,36.37606725183085,0.0,181.88033625915423
O100532,2025-06-11,C10038,Laptop,Leeds,2,1106.8559847099068,0.0,2213.7119694198136
O100533,2025-06-11,C10071,Headset,Birmingham,5,99.80969935680154,0.1,449.143647105607
O100534,2025-06-12,C10144,Webcam,Bristol,4,55.14087696444047,0.0,220.5635078577619
O100535,2025-06-12,C10038,Keyboard,Bristol,1,83.52645562841872,0.0,83.52645562841872
O100536,2025-06-12,C10113,Keyboard,Bristol,4,80.61840250208787,0.0,322.4736100083515
O100537,2025-06-13,C10028,Keyboard,Manchester,3,65.72820032682745,0.05,187.32537093145822
O100538,2025-06-13,C10135,Laptop,Bristol,2,926.9566771300022,0.05,1761.217686547004
O100539,2025-06-13,C10005,Mouse,Birmingham,3,38.06746275218826,0.0,114.20238825656479
O100540,2025-06-13,C10177,Keyboard,Leeds,2,78.30260106560871,0.05,148.77494202465655
O100541,2025-06-14,C10013,Headset,Bristol,4,80.5745156228065,0.05,306.1831593666647
O100542,2025-06-14,C10048,Webcam,London,3,68.17585921014022,0.0,204.52757763042064
O100543,2025-06-14,C10043,Webcam,Birmingham,3,53.88499690038094,0.0,161.65499070114282
O100544,2025-06-15,C10207,Keyboard,London,2,73.66306694545673,0.0,147.32613389091347
O100545,2025-06-15,C10013,Keyboard,Manchester,2,81.82774061640029,0.0,163.65548123280058
O100546,2025-06-15,C10107,Headset,Birmingham,3,90.1324383521135,0.0,270.3973150563405
O100547,2025-06-16,C10147,Headset,Bristol,3,86.40764964027399,0.0,259.222948920822
O100548,2025-06-16,C10128,Mouse,Bristol,2,37.49016951056258,0.0,74.98033902112516
O100549,2025-06-16,C10170,Webcam,Manchester,3,70.06870943845021,0.0,210.20612831535064
O100550,2025-06-16,C10200,Monitor,Manchester,2,309.34488912021965,0.05,587.7552893284173
O100551,2025-06-17,C10098,Webcam,Birmingham,3,69.54658062792122,0.0,208.63974188376363
O100552,2025-06-17,C10207,Laptop,Bristol,1,1032.184484339223,0.15,877.3568116883395
O100553,2025-06-17,C10079,Monitor,Bristol,3,296.41715168660073,0.1,800.3263095538219
O100554,2025-06-18,C10246,Mouse,Manchester,4,35.74348021752613,0.05,135.82522482659928
O100555,2025-06-18,C10126,Laptop,London,5,956.80268398205,0.15,4066.4114069237125
O100556,2025-06-18,C10184,Laptop,Leeds,4,931.9682613485975,0.1,3355.085740854951
O100557,2025-06-19,C10218,Laptop,Manchester,4,857.8600097274608,0.0,3431.440038909843
O100558,2025-06-19,C10198,Keyboard,London,1,69.26813094708115,0.05,65.80472439972709
O100559,2025-06-19,C10212,Headset,London,2,87.96949573006648,0.0,175.93899146013297
O100560,2025-06-20,C10134,Laptop,Birmingham,4,968.3503641297846,0.05,3679.731383693181
O100561,2025-06-20,C10010,Mouse,Manchester,5,39.03427527441193,0.0,195.17137637205965
O100562,2025-06-20,C10123,Webcam,Birmingham,3,64.78265441504733,0.0,194.347963245142
O100563,2025-06-20,C10045,Monitor,Manchester,5,302.47786891565966,0.0,1512.3893445782983
O100564,2025-06-21,C10222,Monitor,Leeds,2,304.17667070407947,0.15,517.1003401969351
O100565,2025-06-21,C10059,Webcam,Leeds,1,63.79647665201829,0.0,63.79647665201829
O100566,2025-06-21,C10057,Webcam,Birmingham,1,68.09238909912496,0.0,68.09238909912496
O100567,2025-06-22,C10062,Mouse,London,3,34.31812148317039,0.0,102.95436444951116
O100568,2025-06-22,C10160,Headset,Birmingham,4,99.51937843736503,0.0,398.07751374946014
O100569,2025-06-22,C10142,Laptop,Leeds,2,998.3240937082109,0.1,1796.9833686747795
O100570,2025-06-23,C10237,Keyboard,Manchester,4,67.85709747186986,0.1,244.28555089873151
O100571,2025-06-23,C10104,Headset,Manchester,4,91.16297749550769,0.0,364.65190998203076
O100572,2025-06-23,C10070,Monitor,Birmingham,2,316.9177124248549,0.0,633.8354248497099
O100573,2025-06-23,C10012,Headset,Manchester,2,88.69513655126374,0.0,177.3902731025275
O100574,2025-06-24,C10001,Mouse,Birmingham,4,36.25360208426619,0.0,145.01440833706476
O100575,2025-06-24,C10093,Headset,Manchester,4,93.93032763172184,0.1,338.1491794741986
O100576,2025-06-24,C10231,Keyboard,Manchester,1,68.7802626050124,0.05,65.34124947476177
O100577,2025-06-25,C10130,Keyboard,Leeds,2,78.0642476952811,0.0,156.1284953905622
O100578,2025-06-25,C10223,Monitor,Birmingham,3,248.77809259442438,0.05,709.0175638941095
O100579,2025-06-25,C10025,Monitor,Birmingham,3,265.98602001660873,0.0,797.9580600498261
O100580,2025-06-26,C10023,Headset,Leeds,1,97.74520536595818,0.05,92.85794509766028
O100581,2025-06-26,C10208,Laptop,Manchester,5,977.1134780634352,0.0,4885.5673903171755
O100582,2025-06-26,C10026,Laptop,London,2,926.859686611264,0.05,1761.0334045614015
O100583,2025-06-26,C10012,Monitor,Bristol,2,290.0007268758922,0.0,580.0014537517844
O100584,2025-06-27,C10101,Monitor,London,1,278.65393365028507,0.1,250.78854028525657
O100585,2025-06-27,C10231,Webcam,Birmingham,5,65.06540821222954,0.0,325.3270410611477
O100586,2025-06-27,C10172,Keyboard,Manchester,2,78.94091116032082,0.0,157.88182232064165
O100587,2025-06-28,C10024,Webcam,Manchester,5,61.217687748572516,0.0,306.0884387428626
O100588,2025-06-28,C10209,Monitor,London,3,280.9035354844251,0.0,842.7106064532753
O100589,2025-06-28,C10210,Mouse,Bristol,5,34.12564905510137,0.0,170.62824527550686
O100590,2025-06-29,C10200,Keyboard,Birmingham,1,65.48637975239846,0.05,62.212060764778535
O100591,2025-06-29,C10225,Keyboard,Manchester,1,69.4772654625042,0.05,66.00340218937899
O100592,2025-06-29,C10059,Webcam,Leeds,5,73.15467352473193,0.0,365.7733676236597
O100593,2025-06-30,C10244,Webcam,London,5,67.00056123584321,0.05,318.2526658702552
O100594,2025-06-30,C10080,Webcam,Birmingham,3,58.11734083271278,0.05,165.6344213732314
O100595,2025-06-30,C10200,Monitor,Birmingham,1,245.49606198099562,0.0,245.49606198099562
O100596,2025-06-30,C10144,Monitor,Birmingham,5,277.4875286375229,0.0,1387.4376431876146
O100597,2025-07-01,C10194,Mouse,London,2,39.37132229289415,0.0,78.7426445857883
O100598,2025-07-01,C10156,Keyboard,Bristol,5,73.87945119117389,0.0,369.3972559558694
O100599,2025-07-01,C10160,Headset,Manchester,5,99.4103967845089,0.1,447.3467855302901
O100600,2025-07-02,C10154,Mouse,Leeds,5,35.985406158292236,0.1,161.93432771231505
O100601,2025-07-02,C10194,Mouse,Leeds,4,36.3195012819685,0.05,138.0141048714803
O100602,2025-07-02,C10184,Webcam,Manchester,4,58.05425335161624,0.0,232.21701340646496
O100603,2025-07-03,C10033,Headset,London,3,96.75016503659826,0.05,275.737970354305
O100604,2025-07-03,C10206,Laptop,Manchester,1,924.5451651672059,0.05,878.3179069088455
O100605,2025-07-03,C10134,Laptop,Bristol,2,1015.595026474429,0.0,2031.190052948858
O100606,2025-07-03,C10080,Mouse,Bristol,4,32.72032405043888,0.1,117.79316658157998
O100607,2025-07-04,C10128,Mouse,Bristol,5,35.49573817302776,0.0,177.4786908651388
O100608,2025-07-04,C10241,Monitor,Manchester,3,287.8848661682029,0.0,863.6545985046087
O100609,2025-07-04,C10214,Keyboard,Leeds,4,74.0758001005448,0.0,296.3032004021792
O100610,2025-07-05,C10208,Headset,London,1,92.91272539022032,0.0,92.91272539022032
O100611,2025-07-05,C10115,Webcam,Leeds,3,63.61473520899895,0.1,171.75978506429718
O100612,2025-07-05,C10196,Mouse,Birmingham,3,33.182632691484415,0.0,99.54789807445324
O100613,2025-07-06,C10096,Keyboard,Leeds,5,84.6329002967638,0.0,423.164501483819
O100614,2025-07-06,C10171,Monitor,Leeds,2,303.4965442064963,0.0,606.9930884129926
O100615,2025-07-06,C10159,Mouse,Bristol,2,32.8695787138651,0.0,65.7391574277302
O100616,2025-07-07,C10062,Keyboard,Birmingham,2,78.41066583356768,0.0,156.82133166713535
O100617,2025-07-07,C10066,Mouse,Manchester,1,32.92049920683677,0.0,32.92049920683677
O100618,2025-07-07,C10015,Mouse,Birmingham,3,31.68288299774549,0.05,90.29621654357464
O100619,2025-07-07,C10034,Laptop,London,4,1028.569517546322,0.0,4114.278070185288
O100620,2025-07-08,C10108,Laptop,London,5,820.4884284507972,0.1,3692.1979280285877
O100621,2025-07-08,C10119,Monitor,Birmingham,5,300.7615724641145,0.0,1503.8078623205727
O100622,2025-07-08,C10041,Webcam,Bristol,1,63.68584397462009,0.05,60.501551775889084
O100623,2025-07-09,C10104,Mouse,Birmingham,2,34.40766951137452,0.1,61.93380512047414
O100624,2025-07-09,C10151,Monitor,Leeds,2,289.17842731956165,0.0,578.3568546391233
O100625,2025-07-09,C10058,Webcam,London,2,68.02223382237011,0.0,136.04446764474022
O100626,2025-07-10,C10084,Keyboard,Birmingham,5,70.04194093902655,0.1,315.18873422561944
O100627,2025-07-10,C10091,Keyboard,Leeds,1,79.30635365250038,0.0,79.30635365250038
O100628,2025-07-10,C10126,Webcam,Manchester,1,65.58952679773115,0.05,62.31005045784459
O100629,2025-07-10,C10091,Laptop,London,5,854.539835742029,0.0,4272.699178710145
O100630,2025-07-11,C10184,Monitor,London,5,276.1948115678138,0.0,1380.974057839069
O100631,2025-07-11,C10081,Mouse,Bristol,2,38.86758124356499,0.0,77.73516248712998
O100632,2025-07-11,C10108,Monitor,Leeds,2,317.5557234807036,0.1,571.6003022652665
O100633,2025-07-12,C10094,Mouse,Manchester,3,37.00857568130429,0.0,111.02572704391288
O100634,2025-07-12,C10045,Monitor,Manchester,3,253.3363058650285,0.1,684.008025835577
O100635,2025-07-12,C10171,Laptop,London,5,987.2861245866476,0.05,4689.609091786576
O100636,2025-07-13,C10058,Monitor,Bristol,3,299.05928424644594,0.0,897.1778527393378
O100637,2025-07-13,C10074,Keyboard,London,1,79.35424789991232,0.0,79.35424789991232
O100638,2025-07-13,C10198,Monitor,Leeds,3,297.5829760666093,0.0,892.748928199828
O100639,2025-07-13,C10237,Monitor,Manchester,3,288.1370929751447,0.0,864.4112789254341
O100640,2025-07-14,C10167,Webcam,Manchester,3,64.62345583808117,0.05,184.17684913853134
O100641,2025-07-14,C10229,Keyboard,Manchester,3,71.3497950245759,0.0,214.0493850737277
O100642,2025-07-14,C10213,Keyboard,Bristol,5,63.61238688899102,0.0,318.0619344449551
O100643,2025-07-15,C10120,Laptop,London,5,975.8127742702146,0.05,4635.110677783519
O100644,2025-07-15,C10192,Keyboard,Manchester,2,76.11631706191312,0.05,144.6210024176349
O100645,2025-07-15,C10082,Monitor,Manchester,2,292.4896988792759,0.0,584.9793977585518
O100646,2025-07-16,C10115,Mouse,Manchester,4,31.254877658779893,0.05,118.76853510336359
O100647,2025-07-16,C10133,Monitor,London,3,294.4483738406574,0.0,883.3451215219721
O100648,2025-07-16,C10240,Webcam,Bristol,3,75.68363449202805,0.05,215.69835830227993
O100649,2025-07-17,C10212,Webcam,Manchester,1,65.40794068004513,0.0,65.40794068004513
O100650,2025-07-17,C10122,Laptop,Birmingham,2,945.3134357403029,0.0,1890.6268714806058
O100651,2025-07-17,C10163,Laptop,Manchester,4,973.4841790625131,0.0,3893.9367162500525
O100652,2025-07-17,C10050,Laptop,Bristol,5,1104.4576138779855,0.05,5246.173665920432
O100653,2025-07-18,C10201,Mouse,Manchester,4,32.1337862672403,0.05,122.10838781551314
O100654,2025-07-18,C10138,Monitor,Manchester,2,284.55183530802344,0.0,569.1036706160469
O100655,2025-07-18,C10133,Webcam,Manchester,1,60.84178140405225,0.1,54.75760326364703
O100656,2025-07-19,C10191,Headset,Manchester,1,86.06156600991604,0.1,77.45540940892444
O100657,2025-07-19,C10158,Headset,London,2,89.64294978325005,0.0,179.2858995665001
O100658,2025-07-19,C10018,Mouse,Leeds,3,38.772505076517966,0.05,110.50163946807619
O100659,2025-07-20,C10072,Webcam,London,5,74.36515112358143,0.0,371.82575561790713
O100660,2025-07-20,C10044,Laptop,Manchester,5,984.0588029916297,0.15,4182.249912714426
O100661,2025-07-20,C10183,Keyboard,Manchester,1,72.74043166185909,0.0,72.74043166185909
O100662,2025-07-20,C10008,Keyboard,Manchester,4,89.95643319983111,0.0,359.82573279932444
O100663,2025-07-21,C10050,Webcam,Leeds,2,62.77671669708649,0.0,125.55343339417298
O100664,2025-07-21,C10149,Mouse,Birmingham,1,33.400819439792734,0.0,33.400819439792734
O100665,2025-07-21,C10173,Headset,Bristol,3,77.22041007903317,0.05,220.07816872524452
O100666,2025-07-22,C10125,Monitor,Manchester,1,311.27245115108224,0.0,311.27245115108224
O100667,2025-07-22,C10215,Webcam,Bristol,2,70.03487708033073,0.0,140.06975416066146
O100668,2025-07-22,C10229,Mouse,London,3,41.76985550112605,0.0,125.30956650337816
O100669,2025-07-23,C10033,Mouse,Birmingham,2,31.109334613789247,0.1,55.99680230482065
O100670,2025-07-23,C10238,Webcam,Leeds,3,72.58248819889137,0.1,195.9727181370067
O100671,2025-07-23,C10153,Keyboard,Birmingham,3,75.42081311019676,0.0,226.26243933059027
O100672,2025-07-24,C10159,Keyboard,Bristol,4,79.83660130080082,0.0,319.3464052032033
O100673,2025-07-24,C10023,Mouse,Manchester,1,30.38622400490748,0.0,30.38622400490748
O100674,2025-07-24,C10155,Monitor,London,1,312.8850328277026,0.1,281.59652954493237
O100675,2025-07-24,C10181,Keyboard,Leeds,3,79.71910050799099,0.05,227.1994364477743
O100676,2025-07-25,C10145,Monitor,London,2,279.1284152207887,0.05,530.3439889194985
O100677,2025-07-25,C10021,Laptop,Leeds,4,999.0285642622451,0.1,3596.5028313440826
O100678,2025-07-25,C10130,Webcam,Leeds,1,61.01942443458031,0.0,61.01942443458031
O100679,2025-07-26,C10233,Mouse,Bristol,3,33.37756776037124,0.05,95.12606811705803
O100680,2025-07-26,C10180,Keyboard,Birmingham,5,72.21933231824762,0.0,361.0966615912381
O100681,2025-07-26,C10034,Keyboard,Bristol,1,63.88363282985833,0.0,63.88363282985833
O100682,2025-07-27,C10239,Keyboard,London,2,80.17055096522022,0.0,160.34110193044043
O100683,2025-07-27,C10239,Mouse,Birmingham,5,38.33646211971118,0.0,191.6823105985559
O100684,2025-07-27,C10042,Webcam,London,3,61.35301042122803,0.1,165.6531281373157
O100685,2025-07-27,C10200,Webcam,Leeds,1,66.81065568291307,0.0,66.81065568291307
O100686,2025-07-28,C10101,Keyboard,Leeds,2,73.40675715222459,0.1,132.13216287400425
O100687,2025-07-28,C10148,Keyboard,Bristol,4,76.96964377248618,0.05,292.48464633544745
O100688,2025-07-28,C10111,Keyboard,Leeds,5,71.23453655273383,0.05,338.3640486254857
O100689,2025-07-29,C10195,Mouse,Manchester,2,32.52640956295462,0.1,58.547537213318314
O100690,2025-07-29,C10249,Keyboard,London,3,81.31244931614246,0.0,243.93734794842737
O100691,2025-07-29,C10198,Mouse,Bristol,4,34.82116236165142,0.0,139.28464944660567
O100692,2025-07-30,C10232,Mouse,Birmingham,1,40.661905062389735,0.0,40.661905062389735
O100693,2025-07-30,C10236,Keyboard,London,2,75.27785978876483,0.0,150.55571957752966
O100694,2025-07-30,C10022,Keyboard,Bristol,4,69.44353175789705,0.1,249.9967143284294
O100695,2025-07-30,C10063,Keyboard,Bristol,1,82.36164525861564,0.0,82.36164525861564
O100696,2025-07-31,C10180,Laptop,Birmingham,4,997.9408124750975,0.0,3991.76324990039
O100697,2025-07-31,C10147,Monitor,Leeds,3,296.2819521467999,0.0,888.8458564403996
O100698,2025-07-31,C10012,Headset,London,5,98.572324887849,0.0,492.861624439245
O100699,2025-08-01,C10023,Keyboard,London,1,71.08322223692524,0.05,67.52906112507897
O100700,2025-08-01,C10130,Monitor,Manchester,5,277.14952587872955,0.0,1385.7476293936477
O100701,2025-08-01,C10154,Mouse,Leeds,2,34.519940471834175,0.1,62.13589284930152
O100702,2025-08-02,C10041,Headset,London,1,80.70662493420755,0.05,76.67129368749717
O100703,2025-08-02,C10042,Monitor,London,4,274.09558063645534,0.1,986.7440902912392
O100704,2025-08-02,C10032,Webcam,Leeds,3,71.94917318095949,0.0,215.84751954287847
O100705,2025-08-03,C10141,Webcam,Leeds,5,66.234158139728,0.05,314.6122511637079
O100706,2025-08-03,C10001,Mouse,Leeds,1,31.231028282034032,0.0,31.231028282034032
O100707,2025-08-03,C10143,Mouse,Leeds,1,30.643649647338183,0.0,30.643649647338183
O100708,2025-08-03,C10118,Laptop,Bristol,3,1076.5229804648686,0.05,3068.090494324875
O100709,2025-08-04,C10116,Webcam,Leeds,5,64.53034114667332,0.05,306.51912044669825
O100710,2025-08-04,C10169,Keyboard,Birmingham,3,71.11553876579029,0.0,213.34661629737087
O100711,2025-08-04,C10130,Webcam,Bristol,4,63.575242822535586,0.1,228.8708741611281
O100712,2025-08-05,C10181,Mouse,Manchester,5,30.86353828791147,0.0,154.31769143955736
O100713,2025-08-05,C10190,Laptop,London,5,1058.1552313628831,0.05,5026.237348973695
O100714,2025-08-05,C10230,Laptop,Leeds,3,920.1279767434617,0.15,2346.326340695827
O100715,2025-08-06,C10199,Mouse,Manchester,4,38.828724277667575,0.0,155.3148971106703
O100716,2025-08-06,C10129,Mouse,Bristol,3,35.14462480045248,0.1,94.89048696122171
O100717,2025-08-06,C10123,Laptop,Birmingham,4,1058.6444300672015,0.05,4022.8488342553655
O100718,2025-08-06,C10058,Headset,Bristol,3,91.84820039311022,0.1,247.9901410613976
O100719,2025-08-07,C10149,Webcam,London,3,69.43680984691919,0.05,197.8949080637197
O100720,2025-08-07,C10034,Mouse,Leeds,3,37.01346052904734,0.05,105.48836250778493
O100721,2025-08-07,C10232,Keyboard,Birmingham,4,78.73974639751182,0.0,314.9589855900473
O100722,2025-08-08,C10211,Laptop,Birmingham,4,976.4430202658859,0.05,3710.483477010366
O100723,2025-08-08,C10029,Headset,Manchester,5,88.32347484396779,0.0,441.61737421983895
O100724,2025-08-08,C10196,Keyboard,Bristol,4,86.49260814943716,0.15,294.07486770808634
O100725,2025-08-09,C10029,Webcam,Manchester,1,60.28392767750132,0.0,60.28392767750132
O100726,2025-08-09,C10180,Keyboard,Bristol,3,75.02584585405896,0.0,225.07753756217687
O100727,2025-08-09,C10021,Mouse,Birmingham,2,35.04168045058127,0.1,63.07502481104628
O100728,2025-08-10,C10122,Monitor,London,1,289.01467287489487,0.0,289.01467287489487
O100729,2025-08-10,C10164,Monitor,Bristol,1,270.37981273196317,0.0,270.37981273196317
O100730,2025-08-10,C10182,Headset,London,3,92.26617340024504,0.05,262.9585941906983
O100731,2025-08-10,C10104,Mouse,Manchester,5,34.52724076143169,0.0,172.63620380715847
O100732,2025-08-11,C10230,Mouse,Bristol,3,30.570532951173885,0.0,91.71159885352165
O100733,2025-08-11,C10193,Webcam,Bristol,3,65.04967188853561,0.0,195.14901566560684
O100734,2025-08-11,C10052,Webcam,Bristol,1,59.27706026824321,0.0,59.27706026824321
O100735,2025-08-12,C10167,Webcam,Birmingham,4,55.981194035265716,0.0,223.92477614106286
O100736,2025-08-12,C10182,Monitor,Leeds,1,283.06596238344224,0.0,283.06596238344224
O100737,2025-08-12,C10083,Mouse,Manchester,5,36.366073357654784,0.0,181.83036678827392
O100738,2025-08-13,C10184,Webcam,Leeds,5,67.7388298189438,0.0,338.694149094719
O100739,2025-08-13,C10224,Keyboard,Birmingham,5,78.40302424211816,0.0,392.0151212105908
O100740,2025-08-13,C10204,Laptop,London,2,803.1232344085137,0.05,1525.9341453761758
O100741,2025-08-13,C10190,Headset,Birmingham,1,80.20067811906621,0.05,76.19064421311289
O100742,2025-08-14,C10158,Mouse,Birmingham,2,40.52586002307828,0.0,81.05172004615656
O100743,2025-08-14,C10067,Mouse,Manchester,4,32.0678154717843,0.0,128.2712618871372
O100744,2025-08-14,C10198,Webcam,Manchester,2,68.17637336191078,0.1,122.7174720514394
O100745,2025-08-15,C10091,Mouse,Birmingham,5,33.07657465933563,0.05,157.11372963184422
O100746,2025-08-15,C10133,Keyboard,London,1,75.47803643560539,0.0,75.47803643560539
O100747,2025-08-15,C10078,Keyboard,London,1,71.20047478635844,0.0,71.20047478635844
O100748,2025-08-16,C10078,Keyboard,Leeds,2,78.36924692771787,0.0,156.73849385543573
O100749,2025-08-16,C10039,Laptop,Manchester,4,960.394832916069,0.1,3457.4213984978487
O100750,2025-08-16,C10240,Headset,Leeds,4,86.77231362976151,0.1,312.3803290671415
O100751,2025-08-16,C10036,Webcam,Birmingham,2,59.53910497766031,0.1,107.17038895978855
O100752,2025-08-17,C10021,Keyboard,Birmingham,4,76.60664518495507,0.0,306.4265807398203
O100753,2025-08-17,C10234,Keyboard,Birmingham,4,67.72368720574445,0.0,270.8947488229778
O100754,2025-08-17,C10138,Webcam,Birmingham,3,67.22290141902836,0.0,201.6687042570851
O100755,2025-08-18,C10109,Laptop,Bristol,3,1149.6128530868043,0.0,3448.8385592604127
O100756,2025-08-18,C10184,Mouse,Bristol,1,38.78047614353363,0.0,38.78047614353363
O100757,2025-08-18,C10095,Keyboard,Manchester,2,79.31008732136497,0.05,150.68916591059346
O100758,2025-08-19,C10031,Mouse,Leeds,3,34.76029956632479,0.0,104.28089869897437
O100759,2025-08-19,C10182,Monitor,Bristol,1,236.571941155121,0.1,212.91474703960893
O100760,2025-08-19,C10043,Mouse,London,3,31.297598091479486,0.0,93.89279427443846
O100761,2025-08-20,C10138,Keyboard,Leeds,1,82.69675713661628,0.0,82.69675713661628
O100762,2025-08-20,C10237,Mouse,Birmingham,4,32.788682975650616,0.1,118.03925871234222
O100763,2025-08-20,C10234,Laptop,Bristol,1,896.8568405395324,0.05,852.0139985125558
O100764,2025-08-20,C10090,Keyboard,Birmingham,1,74.00609714589586,0.0,74.00609714589586
O100765,2025-08-21,C10195,Mouse,Bristol,4,32.026270475229644,0.05,121.69982780587264
O100766,2025-08-21,C10153,Monitor,London,2,252.52038034604334,0.0,505.0407606920867
O100767,2025-08-21,C10119,Monitor,London,2,278.86938076969614,0.0,557.7387615393923
O100768,2025-08-22,C10034,Monitor,Bristol,2,260.02974021534635,0.0,520.0594804306927
O100769,2025-08-22,C10094,Keyboard,Birmingham,2,70.55388852132663,0.0,141.10777704265325
O100770,2025-08-22,C10162,Laptop,Birmingham,4,890.6294820128276,0.05,3384.3920316487447
O100771,2025-08-23,C10246,Webcam,London,4,67.71627311193924,0.0,270.865092447757
O100772,2025-08-23,C10001,Keyboard,Manchester,2,73.60724585702785,0.05,139.8537671283529
O100773,2025-08-23,C10179,Headset,Bristol,4,88.71428183116426,0.1,319.37141459219134
O100774,2025-08-23,C10211,Webcam,Manchester,4,68.1041186660062,0.0,272.4164746640248
O100775,2025-08-24,C10237,Laptop,Birmingham,3,939.2049897742966,0.0,2817.61496932289
O100776,2025-08-24,C10105,Mouse,Manchester,3,34.220889448319916,0.0,102.66266834495974
O100777,2025-08-24,C10029,Webcam,Manchester,5,67.44634184896489,0.1,303.50853832034204
O100778,2025-08-25,C10067,Mouse,London,3,36.87095396196136,0.05,105.08221879158988
O100779,2025-08-25,C10212,Keyboard,Bristol,2,74.11755900294837,0.05,140.8233621056019
O100780,2025-08-25,C10219,Keyboard,Bristol,3,75.48364665372314,0.0,226.4509399611694
O100781,2025-08-26,C10159,Laptop,London,5,890.583942540267,0.0,4452.919712701335
O100782,2025-08-26,C10030,Mouse,Manchester,4,32.59008747913933,0.0,130.3603499165573
O100783,2025-08-26,C10030,Webcam,Birmingham,1,68.9995670102274,0.0,68.9995670102274
O100784,2025-08-27,C10119,Webcam,Manchester,3,67.31369872523203,0.05,191.84404136691128
O100785,2025-08-27,C10147,Laptop,Leeds,4,984.6026813196598,0.0,3938.4107252786393
O100786,2025-08-27,C10008,Headset,Manchester,2,92.02215131082377,0.0,184.04430262164755
O100787,2025-08-27,C10171,Keyboard,London,5,75.27721965488972,0.0,376.3860982744486
O100788,2025-08-28,C10136,Webcam,Manchester,5,68.62134183227839,0.0,343.10670916139196
O100789,2025-08-28,C10003,Laptop,Birmingham,5,1021.0682658377317,0.05,4850.074262729225
O100790,2025-08-28,C10023,Webcam,London,1,69.73838562699137,0.0,69.73838562699137
O100791,2025-08-29,C10113,Webcam,Bristol,3,64.47595483708088,0.1,174.08507806011838
O100792,2025-08-29,C10180,Laptop,London,3,1055.4114474730716,0.1,2849.6109081772934
O100793,2025-08-29,C10206,Laptop,London,4,967.3630118116563,0.1,3482.506842521963
O100794,2025-08-30,C10107,Webcam,Birmingham,5,68.28835620134215,0.05,324.3696919563752
O100795,2025-08-30,C10073,Monitor,Birmingham,2,286.3187687547013,0.05,544.0056606339324
O100796,2025-08-30,C10242,Mouse,Manchester,3,35.691618780955686,0.05,101.72111352572371
O100797,2025-08-30,C10114,Webcam,Manchester,4,61.17408965069834,0.0,244.69635860279337
O100798,2025-08-31,C10078,Mouse,London,4,36.963782347365516,0.0,147.85512938946206
O100799,2025-08-31,C10110,Keyboard,Leeds,4,92.07176636944583,0.05,349.87271220389414
O100800,2025-08-31,C10003,Keyboard,Manchester,2,72.7512295512595,0.0,145.502459102519
O100801,2025-09-01,C10075,Laptop,London,5,955.3955983722961,0.0,4776.97799186148
O100802,2025-09-01,C10128,Webcam,Manchester,1,62.67973262539423,0.1,56.41175936285481
O100803,2025-09-01,C10229,Keyboard,Bristol,3,72.0718805906284,0.0,216.2156417718852
O100804,2025-09-02,C10184,Monitor,Manchester,4,314.5956683098583,0.0,1258.3826732394332
O100805,2025-09-02,C10195,Keyboard,Bristol,1,70.96217389363521,0.05,67.41406519895345
O100806,2025-09-02,C10136,Webcam,Manchester,3,62.53478153849492,0.0,187.60434461548476
O100807,2025-09-02,C10027,Laptop,London,3,829.3505453964211,0.1,2239.246472570337
O100808,2025-09-03,C10097,Webcam,Manchester,4,61.06041903238032,0.0,244.24167612952127
O100809,2025-09-03,C10249,Headset,Manchester,1,77.69952077073589,0.1,69.9295686936623
O100810,2025-09-03,C10011,Webcam,London,2,68.28538443590203,0.1,122.91369198462365
O100811,2025-09-04,C10219,Webcam,Birmingham,2,79.55842555355402,0.0,159.11685110710803
O100812,2025-09-04,C10171,Webcam,Manchester,4,63.09327027301728,0.0,252.37308109206913
O100813,2025-09-04,C10070,Webcam,Leeds,2,56.33285874845077,0.0,112.66571749690154
O100814,2025-09-05,C10194,Monitor,Birmingham,3,300.159992483226,0.0,900.479977449678
O100815,2025-09-05,C10209,Headset,Birmingham,4,84.76614029570287,0.0,339.0645611828115
O100816,2025-09-05,C10010,Mouse,Birmingham,4,38.63817140554991,0.15,131.3697827788697
O100817,2025-09-06,C10026,Mouse,London,1,34.21031866618816,0.0,34.21031866618816
O100818,2025-09-06,C10166,Webcam,Leeds,5,61.71455841676954,0.1,277.715512875463
O100819,2025-09-06,C10249,Webcam,London,1,64.07462071012243,0.0,64.07462071012243
O100820,2025-09-06,C10005,Headset,Leeds,1,95.45599267874056,0.15,81.13759377692948
O100821,2025-09-07,C10166,Mouse,Bristol,1,34.36322223388416,0.0,34.36322223388416
O100822,2025-09-07,C10034,Keyboard,Leeds,2,72.01965178323778,0.0,144.03930356647555
O100823,2025-09-07,C10162,Keyboard,Birmingham,5,73.80701038212678,0.05,350.5832993151022
O100824,2025-09-08,C10155,Keyboard,Manchester,2,67.36886889299468,0.0,134.73773778598937
O100825,2025-09-08,C10022,Keyboard,Bristol,4,77.38218961376387,0.1,278.5758826095499
O100826,2025-09-08,C10170,Laptop,Manchester,3,814.2087788677868,0.0,2442.6263366033604
O100827,2025-09-09,C10224,Laptop,Birmingham,1,916.2467694682209,0.0,916.2467694682209
O100828,2025-09-09,C10215,Headset,Leeds,3,95.46757350358135,0.0,286.4027205107441
O100829,2025-09-09,C10007,Keyboard,Bristol,1,76.8182896975963,0.05,72.97737521271648
O100830,2025-09-09,C10061,Webcam,Bristol,3,68.06966697952923,0.0,204.20900093858768
O100831,2025-09-10,C10060,Mouse,London,3,34.817872116387335,0.0,104.453616349162
O100832,2025-09-10,C10113,Laptop,Bristol,3,1038.9007097548993,0.0,3116.7021292646978
O100833,2025-09-10,C10035,Monitor,London,2,300.7132620076434,0.0,601.4265240152868
O100834,2025-09-11,C10213,Monitor,Birmingham,4,289.9935584951479,0.0,1159.9742339805916
O100835,2025-09-11,C10194,Webcam,Bristol,3,69.82323804203043,0.1,188.52274271348216
O100836,2025-09-11,C10202,Monitor,Leeds,2,296.8094876186401,0.0,593.6189752372802
O100837,2025-09-12,C10049,Mouse,Bristol,3,33.76950216262871,0.05,96.24308116349182
O100838,2025-09-12,C10003,Webcam,Manchester,1,58.01172565920506,0.0,58.01172565920506
O100839,2025-09-12,C10227,Webcam,Manchester,5,67.18588305438165,0.0,335.9294152719082
O100840,2025-09-13,C10072,Monitor,Manchester,4,292.232398770624,0.0,1168.929595082496
O100841,2025-09-13,C10164,Laptop,Manchester,2,1032.8758713265308,0.0,2065.7517426530617
O100842,2025-09-13,C10227,Monitor,Leeds,4,259.0264034389854,0.0,1036.1056137559417
O100843,2025-09-13,C10009,Laptop,Birmingham,4,881.1112394949356,0.0,3524.4449579797424
O100844,2025-09-14,C10001,Monitor,Leeds,4,290.301765965294,0.0,1161.207063861176
O100845,2025-09-14,C10001,Mouse,Birmingham,1,34.80073243121136,0.15,29.580622566529655
O100846,2025-09-14,C10039,Webcam,Manchester,5,55.194039625030136,0.0,275.97019812515066
O100847,2025-09-15,C10012,Mouse,London,5,36.05030285851173,0.0,180.25151429255862
O100848,2025-09-15,C10204,Mouse,Birmingham,5,29.813215838030928,0.0,149.06607919015465
O100849,2025-09-15,C10151,Monitor,Bristol,5,258.8262532380364,0.0,1294.1312661901818
O100850,2025-09-16,C10245,Headset,Bristol,5,99.73210588459278,0.05,473.7275029518157
O100851,2025-09-16,C10200,Mouse,Manchester,4,40.109661249859926,0.0,160.4386449994397
O100852,2025-09-16,C10240,Webcam,Birmingham,1,58.6785868839458,0.05,55.7446575397485
O100853,2025-09-16,C10059,Webcam,Leeds,3,63.28716400545399,0.0,189.86149201636198
O100854,2025-09-17,C10071,Keyboard,Leeds,2,75.25573513847223,0.0,150.51147027694446
O100855,2025-09-17,C10212,Laptop,London,2,1085.3732464961993,0.1,1953.6718436931587
O100856,2025-09-17,C10061,Monitor,Birmingham,5,268.95973556873344,0.0,1344.798677843667
O100857,2025-09-18,C10014,Keyboard,London,5,72.13869586180033,0.1,324.6241313781015
O100858,2025-09-18,C10167,Webcam,London,3,73.05337290400689,0.0,219.16011871202068
O100859,2025-09-18,C10200,Keyboard,Leeds,4,72.75126508369046,0.1,261.90455430128566
O100860,2025-09-19,C10242,Headset,London,1,95.19985230455849,0.0,95.19985230455849
O100861,2025-09-19,C10231,Mouse,Manchester,2,30.863999697685205,0.0,61.72799939537041
O100862,2025-09-19,C10030,Monitor,Birmingham,5,276.1643865323319,0.1,1242.7397393954936
O100863,2025-09-19,C10193,Keyboard,Leeds,3,65.04241897004157,0.0,195.1272569101247
O100864,2025-09-20,C10211,Mouse,Birmingham,3,32.04478541332403,0.0,96.13435623997208
O100865,2025-09-20,C10174,Mouse,London,3,37.34976379442634,0.15,95.24189767578716
O100866,2025-09-20,C10204,Keyboard,Leeds,2,74.70056765347972,0.05,141.93107854161147
O100867,2025-09-21,C10209,Monitor,Bristol,5,272.8520314116134,0.05,1296.0471492051634
O100868,2025-09-21,C10111,Headset,Bristol,4,84.60900270733738,0.05,321.514210287882
O100869,2025-09-21,C10010,Monitor,Leeds,4,275.05730395939526,0.1,990.206294253823
O100870,2025-09-22,C10114,Webcam,Birmingham,2,66.56578846892361,0.1,119.81841924406251
O100871,2025-09-22,C10050,Monitor,Bristol,4,302.01732302474346,0.05,1147.665827494025
O100872,2025-09-22,C10028,Laptop,Birmingham,5,750.4888520086431,0.0,3752.4442600432158
O100873,2025-09-23,C10031,Mouse,London,4,32.671068712064134,0.0,130.68427484825654
O100874,2025-09-23,C10174,Mouse,Bristol,3,35.44546947812921,0.05,101.01958801266825
O100875,2025-09-23,C10126,Mouse,Manchester,2,34.7231832753056,0.1,62.501729895550085
O100876,2025-09-23,C10134,Keyboard,Bristol,3,77.42025745516035,0.0,232.26077236548105
O100877,2025-09-24,C10186,Webcam,Manchester,2,66.39120948785809,0.0,132.78241897571618
O100878,2025-09-24,C10137,Mouse,Bristol,4,34.146369983618456,0.0,136.58547993447382
O100879,2025-09-24,C10157,Keyboard,Birmingham,1,71.83888082407694,0.0,71.83888082407694
O100880,2025-09-25,C10021,Keyboard,Birmingham,1,73.526991061587,0.1,66.1742919554283
O100881,2025-09-25,C10212,Laptop,Manchester,4,1037.3044185865285,0.0,4149.217674346114
O100882,2025-09-25,C10112,Mouse,Bristol,2,32.950377787864,0.05,62.6057177969416
O100883,2025-09-26,C10038,Monitor,London,3,278.59312940157537,0.1,752.2014493842535
O100884,2025-09-26,C10203,Mouse,Birmingham,3,35.51335819919558,0.1,95.88606713782806
O100885,2025-09-26,C10183,Laptop,Manchester,3,1068.5866706704587,0.0,3205.760012011376
O100886,2025-09-26,C10013,Webcam,Birmingham,4,63.43839705717117,0.1,228.37822940581623
O100887,2025-09-27,C10048,Keyboard,Manchester,2,80.75283993606577,0.05,153.43039587852496
O100888,2025-09-27,C10003,Webcam,Leeds,4,71.40629289697812,0.1,257.0626544291212
O100889,2025-09-27,C10067,Keyboard,Manchester,2,74.61747441005612,0.0,149.23494882011224
O100890,2025-09-28,C10024,Laptop,London,2,933.985357590166,0.0,1867.970715180332
O100891,2025-09-28,C10177,Webcam,London,3,63.28892090534928,0.05,180.37342458024546
O100892,2025-09-28,C10130,Mouse,Leeds,5,34.28369522412077,0.0,171.41847612060386
O100893,2025-09-29,C10245,Headset,Manchester,2,96.1505269961532,0.0,192.3010539923064
O100894,2025-09-29,C10187,Keyboard,Manchester,3,76.38605986353309,0.05,217.7002706110693
O100895,2025-09-29,C10152,Mouse,Leeds,1,35.65881118567564,0.05,33.87587062639186
O100896,2025-09-30,C10127,Webcam,Manchester,1,59.14883774602486,0.0,59.14883774602486
O100897,2025-09-30,C10013,Mouse,Manchester,4,32.29102778334934,0.0,129.16411113339737
O100898,2025-09-30,C10017,Keyboard,Manchester,4,87.86068094866188,0.0,351.4427237946475
O100899,2025-09-30,C10154,Mouse,Manchester,2,34.50208796919167,0.1,62.10375834454501
O100900,2025-10-01,C10001,Mouse,Leeds,4,32.830638412380594,0.15,111.62417060209401
O100901,2025-10-01,C10010,Webcam,Birmingham,2,72.44171566106435,0.0,144.8834313221287
O100902,2025-10-01,C10054,Keyboard,Bristol,2,76.69085129210131,0.0,153.38170258420263
O100903,2025-10-02,C10221,Keyboard,Leeds,3,78.46892950118712,0.0,235.40678850356136
O100904,2025-10-02,C10114,Headset,London,2,89.00606105797296,0.0,178.0121221159459
O100905,2025-10-02,C10177,Mouse,Manchester,5,34.10771534638495,0.1,153.48471905873228
O100906,2025-10-03,C10102,Headset,Manchester,3,88.77897811801951,0.0,266.33693435405854
O100907,2025-10-03,C10043,Keyboard,Birmingham,2,66.70357097820823,0.0,133.40714195641647
O100908,2025-10-03,C10092,Monitor,Manchester,3,278.03042602899427,0.0,834.0912780869828
O100909,2025-10-03,C10022,Headset,Bristol,4,92.13143815470684,0.0,368.52575261882737
O100910,2025-10-04,C10192,Monitor,Manchester,2,321.45037643810014,0.1,578.6106775885803
O100911,2025-10-04,C10045,Monitor,Birmingham,5,281.92637905611684,0.05,1339.1503005165548
O100912,2025-10-04,C10094,Mouse,London,3,28.464304281811145,0.05,81.12326720316177
O100913,2025-10-05,C10245,Headset,Bristol,4,89.32330488395073,0.0,357.2932195358029
O100914,2025-10-05,C10147,Webcam,Bristol,5,79.24542149216319,0.1,356.6043967147344
O100915,2025-10-05,C10114,Monitor,Leeds,3,299.4066036636649,0.0,898.2198109909947
O100916,2025-10-06,C10135,Laptop,Manchester,1,888.3724402705473,0.1,799.5351962434926
O100917,2025-10-06,C10196,Webcam,London,4,68.07375387503889,0.1,245.06551395014
O100918,2025-10-06,C10063,Monitor,Leeds,1,263.37889928246983,0.0,263.37889928246983
O100919,2025-10-06,C10159,Monitor,Birmingham,3,249.6747115621504,0.1,674.1217212178061
O100920,2025-10-07,C10218,Keyboard,Bristol,5,72.90978382059556,0.0,364.54891910297783
O100921,2025-10-07,C10143,Mouse,Leeds,3,35.25627402986881,0.05,100.4803809851261
O100922,2025-10-07,C10111,Webcam,Birmingham,4,55.26479138734634,0.0,221.05916554938537
O100923,2025-10-08,C10036,Headset,Bristol,3,81.72605310812182,0.0,245.17815932436545
O100924,2025-10-08,C10062,Headset,Bristol,2,90.07441605491294,0.0,180.1488321098259
O100925,2025-10-08,C10236,Monitor,Birmingham,2,270.8569208578474,0.0,541.7138417156948
O100926,2025-10-09,C10135,Keyboard,London,3,77.36886762687654,0.0,232.10660288062962
O100927,2025-10-09,C10075,Keyboard,London,1,67.71199003614863,0.0,67.71199003614863
O100928,2025-10-09,C10104,Monitor,Birmingham,3,295.9961479675939,0.05,843.5890217076426
O100929,2025-10-10,C10144,Monitor,Birmingham,3,253.48379622585162,0.0,760.4513886775549
O100930,2025-10-10,C10134,Keyboard,London,5,84.85640581162578,0.0,424.2820290581289
O100931,2025-10-10,C10174,Monitor,London,1,241.56701442992573,0.15,205.33196226543686
O100932,2025-10-10,C10064,Mouse,Leeds,5,31.940848042926444,0.1,143.733816193169
O100933,2025-10-11,C10162,Headset,Leeds,3,93.00506978182918,0.0,279.0152093454875
O100934,2025-10-11,C10110,Laptop,London,4,1076.4817271138204,0.0,4305.926908455282
O100935,2025-10-11,C10235,Mouse,Birmingham,3,35.88212050112527,0.05,102.26404342820702
O100936,2025-10-12,C10039,Headset,London,2,94.05257702531321,0.05,178.6998963480951
O100937,2025-10-12,C10037,Headset,Leeds,5,90.12626569204603,0.0,450.6313284602302
O100938,2025-10-12,C10115,Headset,Bristol,2,82.60993113037061,0.05,156.95886914770415
O100939,2025-10-13,C10127,Keyboard,Bristol,1,72.05916991056372,0.0,72.05916991056372
O100940,2025-10-13,C10172,Webcam,Birmingham,4,58.69806945609736,0.0,234.79227782438943
O100941,2025-10-13,C10101,Monitor,Leeds,4,251.35689672179808,0.05,955.1562075428327
O100942,2025-10-13,C10228,Keyboard,Bristol,5,77.41049351591849,0.05,367.6998442006128
O100943,2025-10-14,C10118,Monitor,Leeds,3,254.84081320122968,0.1,688.0701956433202
O100944,2025-10-14,C10032,Keyboard,Birmingham,1,76.91732404034016,0.0,76.91732404034016
O100945,2025-10-14,C10029,Keyboard,Leeds,1,67.18906348667342,0.0,67.18906348667342
O100946,2025-10-15,C10243,Monitor,Birmingham,3,286.63897965061534,0.0,859.9169389518461
O100947,2025-10-15,C10033,Headset,Bristol,2,86.48148550346667,0.0,172.96297100693334
O100948,2025-10-15,C10236,Keyboard,Birmingham,5,83.43969320190388,0.0,417.1984660095194
O100949,2025-10-16,C10069,Monitor,Bristol,1,287.25130326097104,0.0,287.25130326097104
O100950,2025-10-16,C10023,Monitor,London,5,307.68153680306875,0.0,1538.4076840153439
O100951,2025-10-16,C10076,Keyboard,London,2,70.46611970144885,0.05,133.8856274327528
O100952,2025-10-17,C10153,Keyboard,London,1,75.336860041465,0.0,75.336860041465
O100953,2025-10-17,C10106,Keyboard,Birmingham,2,69.11347705130233,0.0,138.22695410260465
O100954,2025-10-17,C10196,Monitor,Leeds,1,270.73524256252506,0.05,257.1984804343988
O100955,2025-10-17,C10152,Headset,Manchester,3,88.11284959623868,0.0,264.338548788716
O100956,2025-10-18,C10100,Webcam,London,2,61.225537252426875,0.1,110.20596705436837
O100957,2025-10-18,C10158,Mouse,Bristol,3,31.596591995232053,0.0,94.78977598569617
O100958,2025-10-18,C10242,Mouse,Leeds,3,31.042151493772575,0.0,93.12645448131772
O100959,2025-10-19,C10102,Webcam,Leeds,1,52.83330979832153,0.1,47.54997881848938
O100960,2025-10-19,C10038,Webcam,Birmingham,1,59.50699838978202,0.05,56.531648470292915
O100961,2025-10-19,C10102,Mouse,Birmingham,1,36.75698291068116,0.05,34.9191337651471
O100962,2025-10-20,C10210,Webcam,London,1,56.68780763353093,0.05,53.85341725185438
O100963,2025-10-20,C10054,Webcam,London,1,57.88576119948281,0.0,57.88576119948281
O100964,2025-10-20,C10237,Headset,Bristol,2,102.894469712877,0.05,195.4994924544663
O100965,2025-10-20,C10147,Keyboard,Manchester,3,71.18102370091047,0.1,192.18876399245826
O100966,2025-10-21,C10150,Laptop,Leeds,2,974.3994966965275,0.15,1656.4791443840968
O100967,2025-10-21,C10079,Laptop,Leeds,2,998.8161031340377,0.0,1997.6322062680754
O100968,2025-10-21,C10230,Keyboard,Manchester,3,78.97515677868768,0.0,236.92547033606303
O100969,2025-10-22,C10009,Mouse,Manchester,3,30.73752015429743,0.1,82.99130441660307
O100970,2025-10-22,C10074,Keyboard,Leeds,2,73.61364192060306,0.0,147.22728384120612
O100971,2025-10-22,C10104,Mouse,London,2,30.468963645348502,0.0,60.937927290697004
O100972,2025-10-23,C10119,Mouse,Birmingham,3,41.849690004948904,0.0,125.5490700148467
O100973,2025-10-23,C10118,Webcam,Bristol,1,56.70664862711888,0.0,56.70664862711888
O100974,2025-10-23,C10036,Laptop,Leeds,3,870.3641433658936,0.0,2611.092430097681
O100975,2025-10-23,C10056,Monitor,Leeds,5,256.6905408515503,0.0,1283.4527042577515
O100976,2025-10-24,C10023,Headset,London,2,79.22404456759526,0.0,158.44808913519051
O100977,2025-10-24,C10143,Webcam,London,1,72.03348833073403,0.0,72.03348833073403
O100978,2025-10-24,C10087,Webcam,Manchester,4,77.59672908563418,0.1,279.34822470828306
O100979,2025-10-25,C10141,Webcam,Manchester,1,62.526104579574394,0.0,62.526104579574394
O100980,2025-10-25,C10147,Webcam,London,1,58.133799636409066,0.0,58.133799636409066
O100981,2025-10-25,C10175,Keyboard,Bristol,1,61.578447007643874,0.0,61.578447007643874
O100982,2025-10-26,C10136,Keyboard,London,5,73.53534768886739,0.0,367.67673844433693
O100983,2025-10-26,C10161,Monitor,Leeds,5,272.91341452118365,0.15,1159.8820117150306
O100984,2025-10-26,C10146,Mouse,Birmingham,3,33.176370846191595,0.1,89.57620128471731
O100985,2025-10-27,C10163,Webcam,Leeds,4,66.15115132067638,0.0,264.6046052827055
O100986,2025-10-27,C10154,Keyboard,Manchester,4,77.37103885689291,0.0,309.48415542757164
O100987,2025-10-27,C10079,Mouse,Manchester,4,35.90463312222612,0.0,143.6185324889045
O100988,2025-10-27,C10061,Keyboard,Leeds,3,73.10325076818907,0.0,219.3097523045672
O100989,2025-10-28,C10196,Monitor,Manchester,5,255.32367101753653,0.0,1276.6183550876826
O100990,2025-10-28,C10085,Monitor,Leeds,4,294.9146613908705,0.0,1179.658645563482
O100991,2025-10-28,C10137,Laptop,London,1,950.9510457160363,0.0,950.9510457160363
O100992,2025-10-29,C10049,Webcam,London,2,69.61945912914018,0.05,132.27697234536635
O100993,2025-10-29,C10107,Keyboard,Leeds,5,79.74045329683338,0.0,398.7022664841669
O100994,2025-10-29,C10132,Webcam,Leeds,3,57.606837240955,0.0,172.820511722865
O100995,2025-10-30,C10156,Mouse,London,2,30.984177819118713,0.0,61.968355638237426
O100996,2025-10-30,C10131,Monitor,Bristol,5,263.07588790021214,0.0,1315.3794395010607
O100997,2025-10-30,C10090,Monitor,London,4,256.33965485428905,0.0,1025.3586194171562
O100998,2025-10-30,C10240,Headset,Bristol,3,95.43781278702792,0.0,286.31343836108374
O100999,2025-10-31,C10128,Monitor,Leeds,3,287.86933674212935,0.0,863.608010226388
O101000,2025-10-31,C10202,Webcam,Bristol,1,70.71575676768362,0.0,70.71575676768362
O101001,2025-10-31,C10184,Monitor,Bristol,2,288.88130471000454,0.1,519.9863484780082
O101002,2025-11-01,C10139,Mouse,Manchester,3,35.58421882924543,0.1,96.07739083896266
O101003,2025-11-01,C10221,Headset,Leeds,5,98.63805441847802,0.0,493.1902720923901
O101004,2025-11-01,C10032,Monitor,Manchester,2,290.5218924100651,0.0,581.0437848201302
O101005,2025-11-02,C10230,Monitor,Birmingham,1,281.52546158100495,0.05,267.44918850195467
O101006,2025-11-02,C10212,Webcam,Manchester,3,72.69835577643956,0.05,207.19031396285274
O101007,2025-11-02,C10125,Monitor,Birmingham,5,282.5800517826225,0.0,1412.9002589131123
O101008,2025-11-03,C10183,Keyboard,Bristol,3,73.17395637049248,0.0,219.52186911147743
O101009,2025-11-03,C10130,Keyboard,Birmingham,2,69.9730604473341,0.0,139.9461208946682
O101010,2025-11-03,C10067,Monitor,London,4,295.74777028261724,0.05,1123.8415270739454
O101011,2025-11-03,C10199,Headset,Manchester,4,98.90676390126578,0.0,395.6270556050631
O101012,2025-11-04,C10061,Headset,Leeds,2,89.6357707096793,0.0,179.2715414193586
O101013,2025-11-04,C10078,Keyboard,Birmingham,5,82.84749374267902,0.0,414.2374687133951
O101014,2025-11-04,C10129,Webcam,Birmingham,3,54.755921833747806,0.0,164.26776550124342
O101015,2025-11-05,C10209,Monitor,Birmingham,1,278.7578444043027,0.0,278.7578444043027
O101016,2025-11-05,C10095,Laptop,Manchester,3,946.9527866800628,0.05,2698.815442038179
O101017,2025-11-05,C10123,Mouse,Birmingham,5,32.96441575725943,0.0,164.82207878629714
O101018,2025-11-06,C10010,Webcam,Leeds,2,77.39607739750575,0.0,154.7921547950115
O101019,2025-11-06,C10028,Laptop,Bristol,3,944.9693599156542,0.0,2834.9080797469624
O101020,2025-11-06,C10013,Monitor,Leeds,4,270.8668307160607,0.1,975.1205905778185
O101021,2025-11-06,C10018,Mouse,Bristol,4,35.07269391761382,0.0,140.29077567045528
O101022,2025-11-07,C10217,Headset,Bristol,5,75.57974108261402,0.0,377.8987054130701
O101023,2025-11-07,C10210,Laptop,London,1,892.2500376737864,0.0,892.2500376737864
O101024,2025-11-07,C10205,Keyboard,Manchester,3,80.89943981667243,0.1,218.42848750501554
O101025,2025-11-08,C10013,Headset,Manchester,3,85.47159344448401,0.1,230.77330230010682
O101026,2025-11-08,C10019,Keyboard,London,1,70.02674902319838,0.1,63.02407412087854
O101027,2025-11-08,C10070,Monitor,London,4,309.33337425792257,0.05,1175.4668221801057
O101028,2025-11-09,C10141,Monitor,Leeds,1,310.02169858132095,0.0,310.02169858132095
O101029,2025-11-09,C10083,Keyboard,Manchester,3,78.10194283296684,0.0,234.30582849890052
O101030,2025-11-09,C10121,Keyboard,London,2,72.269295995768,0.0,144.538591991536
O101031,2025-11-09,C10043,Webcam,Manchester,1,63.75475046139512,0.05,60.56701293832536
O101032,2025-11-10,C10182,Mouse,Manchester,5,32.748380107590116,0.05,155.55480551105305
O101033,2025-11-10,C10078,Mouse,London,2,32.214635266719796,0.0,64.42927053343959
O101034,2025-11-10,C10016,Webcam,London,2,59.56903426079615,0.1,107.22426166943308
O101035,2025-11-11,C10185,Keyboard,Leeds,5,71.29167355928875,0.0,356.4583677964438
O101036,2025-11-11,C10225,Keyboard,Bristol,5,68.79167405589153,0.0,343.95837027945765
O101037,2025-11-11,C10003,Webcam,Birmingham,1,56.86873338357562,0.0,56.86873338357562
O101038,2025-11-12,C10109,Monitor,Leeds,2,284.9146198024875,0.1,512.8463156444775
O101039,2025-11-12,C10206,Headset,Bristol,4,91.68908818243276,0.1,330.08071745675795
O101040,2025-11-12,C10176,Headset,Bristol,4,102.24570786068386,0.0,408.98283144273546
O101041,2025-11-13,C10214,Laptop,London,5,899.2062840050426,0.15,3821.6267070214303
O101042,2025-11-13,C10103,Keyboard,Bristol,3,76.77660353773963,0.1,207.29682955189702
O101043,2025-11-13,C10093,Monitor,London,1,287.0047617757555,0.1,258.30428559818
O101044,2025-11-13,C10177,Monitor,London,5,274.31403863078805,0.1,1234.4131738385463
O101045,2025-11-14,C10038,Keyboard,Birmingham,1,79.46600153249805,0.0,79.46600153249805
O101046,2025-11-14,C10059,Keyboard,Leeds,1,79.6513751211043,0.1,71.68623760899386
O101047,2025-11-14,C10150,Headset,London,4,92.3573598854223,0.05,350.9579675646047
O101048,2025-11-15,C10167,Webcam,Manchester,4,63.67067353375146,0.05,241.94855942825555
O101049,2025-11-15,C10029,Headset,Manchester,1,87.42578321840735,0.0,87.42578321840735
O101050,2025-11-15,C10127,Monitor,Manchester,1,249.36231266694585,0.05,236.89419703359854
O101051,2025-11-16,C10091,Monitor,Bristol,3,261.9474417589637,0.15,667.9659764853574
O101052,2025-11-16,C10125,Monitor,Manchester,2,266.06703146460217,0.0,532.1340629292043
O101053,2025-11-16,C10239,Monitor,Manchester,4,254.82303252158067,0.15,866.3983105733743
O101054,2025-11-16,C10019,Webcam,London,3,67.28760462677585,0.0,201.86281388032754
O101055,2025-11-17,C10248,Keyboard,London,3,82.17976721392206,0.0,246.5393016417662
O101056,2025-11-17,C10112,Monitor,London,3,259.659401515827,0.0,778.978204547481
O101057,2025-11-17,C10193,Webcam,Birmingham,2,66.4738954658721,0.1,119.6530118385698
O101058,2025-11-18,C10106,Keyboard,Birmingham,2,68.79533316282173,0.05,130.71113300936128
O101059,2025-11-18,C10077,Laptop,Birmingham,4,926.8259150086237,0.0,3707.303660034495
O101060,2025-11-18,C10192,Monitor,Bristol,3,264.5366174264178,0.05,753.9293596652908
O101061,2025-11-19,C10171,Mouse,Birmingham,3,36.68530781609803,0.0,110.0559234482941
O101062,2025-11-19,C10036,Headset,London,3,85.11272514833632,0.0,255.33817544500897
O101063,2025-11-19,C10176,Monitor,Manchester,2,302.6611932670289,0.1,544.7901478806521
O101064,2025-11-20,C10188,Webcam,Manchester,5,63.722251976956564,0.05,302.6806968905437
O101065,2025-11-20,C10096,Webcam,Bristol,3,61.62206071010688,0.1,166.37956391728858
O101066,2025-11-20,C10231,Webcam,Manchester,4,58.48281263580515,0.05,222.23468801605958
O101067,2025-11-20,C10160,Monitor,London,5,285.6717810306158,0.15,1214.1050693801174
O101068,2025-11-21,C10083,Laptop,Leeds,5,1018.0365985691898,0.0,5090.182992845949
O101069,2025-11-21,C10002,Webcam,Birmingham,4,66.42127053399174,0.0,265.685082135967
O101070,2025-11-21,C10168,Keyboard,London,4,88.43298999848653,0.0,353.73195999394613
O101071,2025-11-22,C10052,Mouse,Leeds,3,39.00340486691717,0.05,111.15970387071393
O101072,2025-11-22,C10189,Headset,Manchester,4,87.78580009403748,0.05,333.5860403573424
O101073,2025-11-22,C10131,Monitor,Bristol,2,272.87618548272167,0.05,518.4647524171711
O101074,2025-11-23,C10116,Headset,Bristol,4,93.38181638029454,0.0,373.52726552117815
O101075,2025-11-23,C10040,Webcam,Manchester,1,60.64230026178644,0.0,60.64230026178644
O101076,2025-11-23,C10177,Headset,Birmingham,5,98.3972758070339,0.05,467.38706008341103
O101077,2025-11-23,C10041,Keyboard,Birmingham,2,77.16960313106149,0.15,131.18832532280453
O101078,2025-11-24,C10104,Webcam,Leeds,4,66.33358633646438,0.0,265.3343453458575
O101079,2025-11-24,C10209,Mouse,London,1,36.92347026975829,0.0,36.92347026975829
O101080,2025-11-24,C10230,Headset,Manchester,1,102.40437516025723,0.0,102.40437516025723
O101081,2025-11-25,C10247,Webcam,London,5,65.88896783137503,0.0,329.4448391568751
O101082,2025-11-25,C10239,Headset,Leeds,5,89.18610932972604,0.0,445.9305466486302
O101083,2025-11-25,C10138,Keyboard,London,2,84.05231773993548,0.0,168.10463547987095
O101084,2025-11-26,C10050,Laptop,Birmingham,1,1023.5338316153263,0.05,972.35714003456
O101085,2025-11-26,C10209,Monitor,Leeds,5,272.8100515754046,0.0,1364.050257877023
O101086,2025-11-26,C10200,Mouse,Bristol,5,35.014522056245255,0.0,175.07261028122628
O101087,2025-11-26,C10247,Mouse,Manchester,1,35.547066564628636,0.0,35.547066564628636
O101088,2025-11-27,C10162,Mouse,London,4,36.01307624489395,0.1,129.64707448161823
O101089,2025-11-27,C10035,Keyboard,Leeds,2,66.86040089436531,0.0,133.72080178873063
O101090,2025-11-27,C10125,Headset,London,4,78.89411082382877,0.0,315.5764432953151
O101091,2025-11-28,C10112,Webcam,London,3,60.38557188558724,0.0,181.15671565676172
O101092,2025-11-28,C10210,Monitor,Bristol,1,258.38985887654593,0.05,245.4703659327186
O101093,2025-11-28,C10098,Headset,Bristol,2,85.36446709939798,0.1,153.65604077891638
O101094,2025-11-29,C10082,Mouse,Leeds,3,36.77718979785202,0.0,110.33156939355605
O101095,2025-11-29,C10020,Mouse,Bristol,4,34.52699836229073,0.0,138.10799344916293
O101096,2025-11-29,C10208,Monitor,London,1,284.39923915222823,0.0,284.39923915222823
O101097,2025-11-30,C10188,Headset,London,5,81.18501544769572,0.05,385.62882337655464
O101098,2025-11-30,C10010,Webcam,Manchester,4,62.59946054481109,0.1,225.35805796131993
O101099,2025-11-30,C10108,Headset,London,5,94.22825516456285,0.0,471.14127582281424
O101100,2025-11-30,C10119,Webcam,Bristol,5,68.09375278251936,0.0,340.4687639125968
O101101,2025-12-01,C10117,Webcam,London,1,61.23221609342288,0.1,55.10899448408059
O101102,2025-12-01,C10229,Keyboard,Birmingham,1,75.96997431827732,0.05,72.17147560236346
O101103,2025-12-01,C10037,Mouse,Bristol,4,41.15677398975053,0.0,164.62709595900213
O101104,2025-12-02,C10076,Keyboard,Leeds,1,74.89441242446618,0.0,74.89441242446618
O101105,2025-12-02,C10045,Webcam,Manchester,1,61.39542788005929,0.0,61.39542788005929
O101106,2025-12-02,C10061,Laptop,Birmingham,3,936.7940584084758,0.1,2529.343957702885
O101107,2025-12-03,C10226,Keyboard,Birmingham,5,75.553062645161,0.05,358.8770475645147
O101108,2025-12-03,C10235,Webcam,Leeds,4,64.21392442040914,0.05,244.01291279755472
O101109,2025-12-03,C10011,Keyboard,Birmingham,3,74.81187179594099,0.1,201.99205384904067
O101110,2025-12-03,C10158,Headset,Manchester,1,79.60718306205476,0.0,79.60718306205476
O101111,2025-12-04,C10058,Keyboard,Leeds,2,69.22421714948429,0.0,138.44843429896858
O101112,2025-12-04,C10048,Webcam,Bristol,4,64.22345676722821,0.0,256.89382706891286
O101113,2025-12-04,C10073,Webcam,Birmingham,1,64.14060655588332,0.1,57.726545900294994
O101114,2025-12-05,C10048,Keyboard,London,3,71.60286435084,0.05,204.068163399894
O101115,2025-12-05,C10122,Headset,Birmingham,1,88.72550218024965,0.0,88.72550218024965
O101116,2025-12-05,C10248,Keyboard,Bristol,2,75.36608913248523,0.0,150.73217826497046
O101117,2025-12-06,C10146,Mouse,Bristol,2,37.49035767826867,0.05,71.23167958871048
O101118,2025-12-06,C10180,Mouse,Birmingham,4,34.72220714136706,0.05,131.9443871371948
O101119,2025-12-06,C10123,Webcam,London,5,67.07533666755091,0.05,318.6078491708668
O101120,2025-12-07,C10003,Laptop,Birmingham,1,908.8383770910219,0.0,908.8383770910219
O101121,2025-12-07,C10021,Monitor,Bristol,4,292.814944208606,0.1,1054.1337991509815
O101122,2025-12-07,C10067,Headset,Bristol,4,92.70525814280896,0.1,333.7389293141123
O101123,2025-12-07,C10060,Mouse,London,5,37.4242876089035,0.05,177.7653661422916
O101124,2025-12-08,C10210,Mouse,Manchester,5,36.99768929484456,0.05,175.73902415051168
O101125,2025-12-08,C10210,Laptop,Birmingham,1,994.743907338967,0.1,895.2695166050703
O101126,2025-12-08,C10213,Keyboard,London,4,74.40949554805331,0.1,267.87418397299194
O101127,2025-12-09,C10159,Webcam,Bristol,3,66.27368398063123,0.05,188.87999934479902
O101128,2025-12-09,C10139,Laptop,London,1,1030.826678562316,0.0,1030.826678562316
O101129,2025-12-09,C10162,Keyboard,Leeds,2,71.08755258358323,0.0,142.17510516716646
O101130,2025-12-10,C10101,Webcam,Bristol,5,61.7322795507763,0.1,277.79525797849334
O101131,2025-12-10,C10167,Laptop,Leeds,3,963.7887862442276,0.05,2746.7980407960486
O101132,2025-12-10,C10198,Headset,Leeds,2,92.99001376991126,0.0,185.98002753982252
O101133,2025-12-10,C10190,Monitor,Manchester,2,261.5400144164863,0.0,523.0800288329726
O101134,2025-12-11,C10153,Webcam,Bristol,5,64.6112346702508,0.1,290.7505560161286
O101135,2025-12-11,C10014,Headset,Birmingham,2,89.32320882555275,0.1,160.78177588599496
O101136,2025-12-11,C10181,Webcam,London,1,53.48054339886195,0.15,45.458461889032655
O101137,2025-12-12,C10091,Monitor,Manchester,3,275.0810946406038,0.0,825.2432839218113
O101138,2025-12-12,C10185,Mouse,Manchester,5,34.559510068024295,0.1,155.51779530610932
O101139,2025-12-12,C10134,Headset,Birmingham,1,88.84589081167427,0.1,79.96130173050685
O101140,2025-12-13,C10220,Monitor,Manchester,2,311.7164797505308,0.0,623.4329595010616
O101141,2025-12-13,C10084,Monitor,Birmingham,3,252.76611811340118,0.0,758.2983543402036
O101142,2025-12-13,C10232,Laptop,Birmingham,1,887.3286845884494,0.15,754.2293819001819
O101143,2025-12-13,C10211,Webcam,Manchester,4,51.41658184873947,0.0,205.66632739495788
O101144,2025-12-14,C10082,Headset,Leeds,2,86.5374000035462,0.05,164.42106000673778
O101145,2025-12-14,C10120,Mouse,Manchester,1,33.8921980484472,0.05,32.197588146024835
O101146,2025-12-14,C10132,Headset,Leeds,2,86.32816433039336,0.05,164.02351222774737
O101147,2025-12-15,C10192,Mouse,Manchester,5,38.10149655055453,0.0,190.50748275277266
O101148,2025-12-15,C10172,Keyboard,Bristol,5,80.16370513402177,0.05,380.77759938660336
O101149,2025-12-15,C10213,Keyboard,Manchester,3,75.46714034560382,0.0,226.40142103681148
O101150,2025-12-16,C10092,Mouse,London,3,33.962283450088385,0.1,91.69816531523864
O101151,2025-12-16,C10126,Monitor,London,5,302.9866485655937,0.0,1514.9332428279686
O101152,2025-12-16,C10107,Webcam,Bristol,1,64.89725912885358,0.05,61.652396172410896
O101153,2025-12-17,C10227,Headset,Bristol,4,84.1084557197871,0.1,302.79044059123356
O101154,2025-12-17,C10076,Keyboard,Manchester,4,64.7025079350927,0.0,258.8100317403708
O101155,2025-12-17,C10146,Mouse,Leeds,4,33.76431941709209,0.0,135.05727766836836
O101156,2025-12-17,C10030,Monitor,Birmingham,2,296.9040170246665,0.1,534.4272306443996
O101157,2025-12-18,C10212,Webcam,London,4,76.83800118562407,0.0,307.35200474249626
O101158,2025-12-18,C10096,Webcam,Birmingham,4,65.32037380018527,0.0,261.28149520074106
O101159,2025-12-18,C10085,Webcam,Leeds,5,61.02015132137442,0.0,305.1007566068721
O101160,2025-12-19,C10145,Keyboard,Bristol,1,67.89020875029472,0.1,61.101187875265246
O101161,2025-12-19,C10124,Monitor,Bristol,4,292.3637896772454,0.05,1110.9824007735324
O101162,2025-12-19,C10211,Monitor,London,5,240.47260042659238,0.0,1202.3630021329618
O101163,2025-12-20,C10132,Laptop,Manchester,2,991.8262277067716,0.15,1686.1045871015117
O101164,2025-12-20,C10129,Monitor,Birmingham,4,298.3167399802892,0.0,1193.2669599211567
O101165,2025-12-20,C10026,Laptop,London,1,983.1572384456975,0.0,983.1572384456975
O101166,2025-12-20,C10005,Webcam,Birmingham,4,63.8577593059195,0.0,255.431037223678
O101167,2025-12-21,C10099,Laptop,London,4,992.9354896695578,0.0,3971.741958678231
O101168,2025-12-21,C10249,Monitor,London,1,283.82901951327386,0.0,283.82901951327386
O101169,2025-12-21,C10229,Webcam,London,1,60.95375602232492,0.05,57.90606822120867
O101170,2025-12-22,C10157,Mouse,Manchester,4,40.181154502650074,0.0,160.7246180106003
O101171,2025-12-22,C10157,Headset,Leeds,2,87.46790846680429,0.05,166.18902608692815
O101172,2025-12-22,C10097,Mouse,London,3,37.17210644125974,0.0,111.51631932377923
O101173,2025-12-23,C10044,Webcam,Bristol,1,52.423205729982286,0.0,52.423205729982286
O101174,2025-12-23,C10002,Mouse,Manchester,5,38.5741184717866,0.0,192.87059235893298
O101175,2025-12-23,C10084,Mouse,London,3,39.112538485032836,0.05,111.47073468234358
O101176,2025-12-24,C10079,Headset,Manchester,5,90.2148032673118,0.05,428.520315519731
O101177,2025-12-24,C10047,Keyboard,Leeds,1,78.35262620842656,0.0,78.35262620842656
O101178,2025-12-24,C10064,Keyboard,London,2,78.35109108964538,0.0,156.70218217929076
O101179,2025-12-24,C10006,Keyboard,London,4,71.14329858215565,0.0,284.5731943286226
O101180,2025-12-25,C10151,Monitor,Bristol,4,292.2555396418412,0.1,1052.1199427106285
O101181,2025-12-25,C10231,Headset,Birmingham,4,84.1778606169176,0.0,336.7114424676704
O101182,2025-12-25,C10172,Monitor,Manchester,5,266.3638449103447,0.1,1198.6373020965511
O101183,2025-12-26,C10112,Monitor,Leeds,5,305.2435264079555,0.0,1526.2176320397775
O101184,2025-12-26,C10105,Monitor,Bristol,1,301.83233227168455,0.0,301.83233227168455
O101185,2025-12-26,C10076,Webcam,Manchester,2,61.32684738899788,0.05,116.52101003909596
O101186,2025-12-27,C10035,Keyboard,Birmingham,5,70.59854193899375,0.0,352.99270969496877
O101187,2025-12-27,C10149,Mouse,London,3,33.192329513118516,0.0,99.57698853935554
O101188,2025-12-27,C10141,Webcam,Manchester,5,68.80972574562055,0.15,292.4413344188873
O101189,2025-12-27,C10001,Laptop,Birmingham,3,874.0011566584097,0.0,2622.003469975229
O101190,2025-12-28,C10103,Headset,London,1,92.56833100105887,0.0,92.56833100105887
O101191,2025-12-28,C10069,Keyboard,Bristol,3,79.48108086380576,0.0,238.4432425914173
O101192,2025-12-28,C10042,Monitor,Bristol,5,278.0233019134345,0.0,1390.1165095671727
O101193,2025-12-29,C10175,Mouse,Manchester,4,37.828178351221794,0.1,136.18144206439845
O101194,2025-12-29,C10131,Webcam,Manchester,1,63.41758711865308,0.0,63.41758711865308
O101195,2025-12-29,C10158,Keyboard,London,2,73.71686639403651,0.1,132.69035950926573
O101196,2025-12-30,C10178,Mouse,Birmingham,5,32.2637105528308,0.05,153.25262512594628
O101197,2025-12-30,C10245,Keyboard,London,5,81.10306408572123,0.15,344.68802236431526
O101198,2025-12-30,C10200,Mouse,Manchester,4,32.85374274845916,0.1,118.27347389445299
O101199,2025-12-31,C10155,Mouse,Birmingham,1,35.979361089602165,0.1,32.38142498064195
